63807513015508,3.2,1.7,0.0,0.0,1.5,--
63807513016510,2.1,0.6,0.0,0.0,1.5,--
63807513017503,2.8,1.4,0.0,0.0,1.5,--
63807513018512,3.8,2.3,0.0,0.0,1.5,--
63807513019505,3.0,1.5,0.0,0.0,1.5,--
63807513020519,3.2,1.7,0.0,0.0,1.5,--
63807513021520,3.5,2.0,0.0,0.0,1.5,--
63807513022529,3.1,1.6,0.0,0.0,1.5,--
63807513023528,3.0,1.6,0.0,0.0,1.5,--
63807513024530,3.2,1.7,0.0,0.0,1.5,--
63807513025525,3.0,1.5,0.0,0.0,1.5,--
63807513026533,3.4,1.9,0.0,0.0,1.5,--
63807513027549,3.0,1.6,0.0,0.0,1.5,--
63807513028560,3.0,1.5,0.0,0.0,1.5,--
63807513029550,3.0,1.6,0.0,0.0,1.5,--
63807513030560,3.2,1.8,0.0,0.0,1.5,--
63807513031553,3.4,1.9,0.0,0.0,1.5,--
63807513032553,3.0,1.6,0.0,0.0,1.5,--
63807513033553,3.1,1.7,0.0,0.0,1.5,--
63807513034562,3.0,1.5,0.0,0.0,1.5,--
63807513035561,3.0,1.5,0.0,0.0,1.5,--
63807513036550,3.4,2.0,0.0,0.0,1.5,--
63807513037560,3.1,1.7,0.0,0.0,1.5,--
63807513038559,2.9,1.4,0.0,0.0,1.5,--
63807513039559,3.2,1.8,0.0,0.0,1.5,--
63807513040557,2.9,1.4,0.0,0.0,1.5,--
63807513041561,3.7,2.2,0.0,0.0,1.5,--
63807513042556,2.9,1.5,0.0,0.0,1.5,--
63807513043550,3.1,1.6,0.0,0.0,1.5,--
63807513044557,2.9,1.5,0.0,0.0,1.5,--
63807513045559,4.0,2.5,0.0,0.0,1.5,--
63807513046554,3.6,2.1,0.0,0.0,1.5,--
63807513047562,3.5,2.0,0.0,0.0,1.5,--
63807513048562,3.4,1.9,0.0,0.0,1.5,--
63807513049559,3.4,2.0,0.0,0.0,1.5,--
63807513050553,4.4,2.9,0.0,0.0,1.5,--
63807513051559,5.3,3.8,0.0,0.0,1.5,--
63807513052554,4.3,2.8,0.0,0.0,1.5,--
63807513053551,3.2,1.7,0.0,0.0,1.5,--
63807513054551,3.2,1.8,0.0,0.0,1.5,--
63807513055549,3.3,1.8,0.0,0.0,1.5,--
63807513056552,3.4,1.9,0.0,0.0,1.5,--
63807513057560,4.0,2.5,0.0,0.0,1.5,--
63807513058554,3.3,1.8,0.0,0.0,1.5,--
63807513059551,3.3,1.9,0.0,0.0,1.5,--
63807513060548,3.2,1.8,0.0,0.0,1.5,--
63807513061559,3.3,1.8,0.0,0.0,1.5,--
63807513062549,3.5,2.1,0.0,0.0,1.5,--
63807513063563,3.4,1.9,0.0,0.0,1.5,--
63807513064558,3.3,1.8,0.0,0.0,1.5,--
63807513065560,3.4,1.9,0.0,0.0,1.5,--
63807513066551,4.4,2.9,0.0,0.0,1.5,--
63807513067555,4.9,3.4,0.0,0.0,1.5,--
63807513068548,3.1,1.6,0.0,0.0,1.5,--
63807513069567,3.2,1.7,0.0,0.0,1.5,--
63807513070578,3.2,1.8,0.0,0.0,1.5,--
63807513071582,3.3,1.8,0.0,0.0,1.5,--
63807513072594,3.7,2.2,0.0,0.0,1.5,--
63807513073608,3.5,2.1,0.0,0.0,1.5,--
63807513074604,3.1,1.6,0.0,0.0,1.5,--
63807513075599,3.4,1.9,0.0,0.0,1.5,--
63807513076606,3.2,1.8,0.0,0.0,1.5,--
63807513077607,3.8,2.3,0.0,0.0,1.5,--
63807513078599,3.2,1.8,0.0,0.0,1.5,--
63807513079596,3.1,1.6,0.0,0.0,1.5,--
63807513080610,3.2,1.8,0.0,0.0,1.5,--
63807513081619,3.4,1.9,0.0,0.0,1.5,--
63807513082618,3.6,2.1,0.0,0.0,1.5,--
63807513083613,3.3,1.8,0.0,0.0,1.5,--
63807513084620,3.2,1.7,0.0,0.0,1.5,--
63807513085621,3.3,1.8,0.0,0.0,1.5,--
63807513086617,3.3,1.8,0.0,0.0,1.5,--
63807513087620,3.7,2.2,0.0,0.0,1.5,--
63807513088613,3.2,1.8,0.0,0.0,1.5,--
63807513089623,3.4,2.0,0.0,0.0,1.5,--
63807513090621,3.7,2.2,0.0,0.0,1.5,--
63807513091625,3.5,2.0,0.0,0.0,1.5,--
63807513092613,3.8,2.3,0.0,0.0,1.5,--
63807513093615,3.5,2.0,0.0,0.0,1.5,--
63807513094620,3.4,1.9,0.0,0.0,1.5,--
63807513095622,3.8,2.3,0.0,0.0,1.5,--
63807513096623,3.6,2.1,0.0,0.0,1.5,--
63807513097629,3.6,2.1,0.0,0.0,1.5,--
63807513098628,5.4,3.9,0.0,0.0,1.5,--
63807513099632,4.5,3.0,0.0,0.0,1.5,--
63807513100642,5.4,3.9,0.0,0.0,1.5,--
63807513101654,3.9,2.4,0.0,0.0,1.5,--
63807513102641,3.5,2.1,0.0,0.0,1.5,--
63807513103647,4.0,2.5,0.0,0.0,1.5,--
63807513104656,3.7,2.2,0.0,0.0,1.5,--
63807513105646,3.8,2.3,0.0,0.0,1.5,--
63807513106657,3.7,2.2,0.0,0.0,1.5,--
63807513107662,3.6,2.2,0.0,0.0,1.5,--
63807513108669,4.1,2.6,0.0,0.0,1.5,--
63807513109658,3.6,2.1,0.0,0.0,1.5,--
63807513110669,3.8,2.3,0.0,0.0,1.5,--
63807513111664,3.3,1.8,0.0,0.0,1.5,--
63807513112663,3.6,2.2,0.0,0.0,1.5,--
63807513113670,4.3,2.8,0.0,0.0,1.5,--
63807513114672,3.6,2.1,0.0,0.0,1.5,--
63807513115688,3.8,2.4,0.0,0.0,1.5,--
63807513116673,3.6,2.1,0.0,0.0,1.5,--
63807513117683,3.5,2.0,0.0,0.0,1.5,--
63807513118684,4.3,2.8,0.0,0.0,1.5,--
63807513119686,3.7,2.2,0.0,0.0,1.5,--
63807513120686,3.7,2.2,0.0,0.0,1.5,--
63807513121676,3.4,2.0,0.0,0.0,1.5,--
63807513122684,3.3,1.8,0.0,0.0,1.5,--
63807513123679,3.4,2.0,0.0,0.0,1.5,--
63807513124687,3.4,1.9,0.0,0.0,1.5,--
63807513125699,3.2,1.7,0.0,0.0,1.5,--
63807513126701,3.2,1.7,0.0,0.0,1.5,--
63807513127697,3.2,1.7,0.0,0.0,1.5,--
63807513128705,3.6,2.1,0.0,0.0,1.5,--
63807513129722,3.4,1.9,0.0,0.0,1.5,--
63807513130731,3.4,1.9,0.0,0.0,1.5,--
63807513131728,3.2,1.7,0.0,0.0,1.5,--
63807513132720,3.2,1.7,0.0,0.0,1.5,--
63807513133735,3.6,2.1,0.0,0.0,1.5,--
63807513134750,3.9,2.4,0.0,0.0,1.5,--
63807513135752,3.2,1.7,0.0,0.0,1.5,--
63807513136759,3.4,1.9,0.0,0.0,1.5,--
63807513137758,3.5,2.0,0.0,0.0,1.5,--
63807513138760,3.3,1.8,0.0,0.0,1.5,--
63807513139767,4.2,2.7,0.0,0.0,1.5,--
63807513140769,3.3,1.8,0.0,0.0,1.5,--
63807513141778,3.4,1.9,0.0,0.0,1.5,--
63807513142777,3.2,1.7,0.0,0.0,1.5,--
63807513143768,3.2,1.7,0.0,0.0,1.5,--
63807513144779,3.7,2.2,0.0,0.0,1.5,--
63807513145779,3.2,1.7,0.0,0.0,1.5,--
63807513146776,3.5,2.0,0.0,0.0,1.5,--
63807513147775,3.1,1.6,0.0,0.0,1.5,--
63807513148781,3.4,1.9,0.0,0.0,1.5,--
63807513149788,3.7,2.2,0.0,0.0,1.5,--
63807513150797,3.3,1.8,0.0,0.0,1.5,--
63807513151791,3.1,1.6,0.0,0.0,1.5,--
63807513152783,3.3,1.8,0.0,0.0,1.5,--
63807513153798,3.3,1.8,0.0,0.0,1.5,--
63807513154799,3.8,2.3,0.0,0.0,1.5,--
63807513155813,3.2,1.7,0.0,0.0,1.5,--
63807513156824,3.3,1.8,0.0,0.0,1.5,--
63807513157828,3.1,1.7,0.0,0.0,1.5,--
63807513158818,3.3,1.8,0.0,0.0,1.5,--
63807513159838,3.6,2.1,0.0,0.0,1.5,--
63807513160847,3.4,1.9,0.0,0.0,1.5,--
63807513161848,3.3,1.8,0.0,0.0,1.5,--
63807513162853,3.3,1.8,0.0,0.0,1.5,--
63807513163853,3.0,1.6,0.0,0.0,1.5,--
63807513164851,4.5,3.0,0.0,0.0,1.5,--
63807513165853,3.6,2.1,0.0,0.0,1.5,--
63807513166849,3.4,1.9,0.0,0.0,1.5,--
63807513167859,3.5,2.0,0.0,0.0,1.5,--
63807513168852,3.3,1.8,0.0,0.0,1.5,--
63807513169859,3.6,2.1,0.0,0.0,1.5,--
63807513170854,3.6,2.1,0.0,0.0,1.5,--
63807513171859,3.4,1.9,0.0,0.0,1.5,--
63807513172854,3.3,1.9,0.0,0.0,1.5,--
63807513173854,3.2,1.7,0.0,0.0,1.5,--
63807513174848,3.3,1.9,0.0,0.0,1.5,--
63807513175848,3.6,2.1,0.0,0.0,1.5,--
63807513176850,3.9,2.4,0.0,0.0,1.5,--
63807513177848,3.1,1.6,0.0,0.0,1.5,--
63807513178850,3.2,1.7,0.0,0.0,1.5,--
63807513179849,3.2,1.7,0.0,0.0,1.5,--
63807513180852,5.3,3.7,0.0,0.1,1.5,--
63807513181854,3.7,2.2,0.0,0.1,1.5,--
63807513182847,3.5,2.0,0.0,0.0,1.5,--
63807513183857,3.3,1.8,0.0,0.0,1.5,--
63807513184856,3.6,2.1,0.0,0.0,1.5,--
63807513185849,4.0,2.5,0.0,0.0,1.5,--
63807513186845,3.4,1.9,0.0,0.0,1.5,--
63807513187856,3.2,1.7,0.0,0.0,1.5,--
63807513188855,3.5,2.0,0.0,0.0,1.5,--
63807513189849,3.1,1.6,0.0,0.0,1.5,--
63807513190850,4.0,2.5,0.0,0.0,1.5,--
63807513191855,3.3,1.8,0.0,0.0,1.5,--
63807513192847,3.3,1.8,0.0,0.0,1.5,--
63807513193855,3.1,1.7,0.0,0.0,1.5,--
63807513194860,3.5,2.0,0.0,0.0,1.5,--
63807513195873,3.6,2.1,0.0,0.0,1.5,--
63807513196864,3.3,1.8,0.0,0.0,1.5,--
63807513197863,4.3,2.8,0.0,0.0,1.5,--
63807513198863,3.8,2.3,0.0,0.0,1.5,--
63807513199864,3.3,1.8,0.0,0.0,1.5,--
63807513200864,4.0,2.5,0.0,0.0,1.5,--
63807513201869,3.6,2.1,0.0,0.0,1.5,--
63807513202874,3.5,2.0,0.0,0.0,1.5,--
63807513203863,3.3,1.8,0.0,0.0,1.5,--
63807513204868,3.8,2.3,0.0,0.0,1.5,--
63807513205866,3.6,2.2,0.0,0.0,1.5,--
63807513206871,3.7,2.2,0.0,0.0,1.5,--
63807513207863,3.4,1.9,0.0,0.0,1.5,--
63807513208865,3.4,1.9,0.0,0.0,1.5,--
63807513209875,3.3,1.8,0.0,0.0,1.5,--
63807513210868,3.6,2.1,0.0,0.0,1.5,--
63807513211862,3.3,1.8,0.0,0.0,1.5,--
63807513212873,3.6,2.1,0.0,0.0,1.5,--
63807513213871,3.2,1.7,0.0,0.0,1.5,--
63807513214863,3.4,1.9,0.0,0.0,1.5,--
63807513215873,3.4,1.9,0.0,0.0,1.5,--
63807513216866,3.8,2.3,0.0,0.0,1.5,--
63807513217862,3.3,1.8,0.0,0.0,1.5,--
63807513218864,3.3,1.8,0.0,0.0,1.5,--
63807513219872,3.1,1.6,0.0,0.0,1.5,--
63807513220869,3.4,1.9,0.0,0.0,1.5,--
63807513221872,4.0,2.5,0.0,0.0,1.5,--
63807513222873,3.3,1.9,0.0,0.0,1.5,--
63807513223869,3.5,2.1,0.0,0.0,1.5,--
63807513224864,3.4,1.9,0.0,0.0,1.5,--
63807513225864,3.4,1.9,0.0,0.0,1.5,--
63807513226874,4.1,2.6,0.0,0.0,1.5,--
63807513227861,3.2,1.7,0.0,0.0,1.5,--
63807513228861,3.2,1.7,0.0,0.0,1.5,--
63807513229871,3.4,1.9,0.0,0.0,1.5,--
63807513230872,3.2,1.7,0.0,0.0,1.5,--
63807513231862,3.7,2.2,0.0,0.0,1.5,--
63807513232862,3.2,1.7,0.0,0.0,1.5,--
63807513233867,3.2,1.7,0.0,0.0,1.5,--
63807513234879,3.3,1.9,0.0,0.0,1.5,--
63807513235891,3.2,1.7,0.0,0.0,1.5,--
63807513236907,3.7,2.2,0.0,0.0,1.5,--
63807513237912,3.3,1.8,0.0,0.0,1.5,--
63807513238911,3.2,1.7,0.0,0.0,1.5,--
63807513239912,3.3,1.8,0.0,0.0,1.5,--
63807513240916,3.2,1.8,0.0,0.0,1.5,--
63807513241912,3.7,2.3,0.0,0.0,1.5,--
63807513242919,3.4,1.9,0.0,0.0,1.5,--
63807513243921,3.3,1.8,0.0,0.0,1.5,--
63807513244918,3.0,1.5,0.0,0.0,1.5,--
63807513245908,3.2,1.7,0.0,0.0,1.5,--
63807513246918,3.9,2.4,0.0,0.0,1.5,--
63807513247923,3.1,1.7,0.0,0.0,1.5,--
63807513248925,3.3,1.8,0.0,0.0,1.5,--
63807513249938,3.3,1.9,0.0,0.0,1.5,--
63807513250951,3.3,1.8,0.0,0.0,1.5,--
63807513251943,4.2,2.7,0.0,0.0,1.5,--
63807513252950,3.3,1.8,0.0,0.0,1.5,--
63807513253953,3.2,1.7,0.0,0.0,1.5,--
63807513254943,3.3,1.9,0.0,0.0,1.5,--
63807513255942,3.1,1.6,0.0,0.0,1.5,--
63807513256939,3.1,1.6,0.0,0.0,1.5,--
63807513257948,3.9,2.4,0.0,0.0,1.5,--
63807513258948,3.2,1.7,0.0,0.0,1.5,--
63807513259950,3.2,1.7,0.0,0.0,1.5,--
63807513260941,3.3,1.8,0.0,0.0,1.5,--
63807513261948,3.3,1.9,0.0,0.0,1.5,--
63807513262940,3.7,2.2,0.0,0.0,1.5,--
63807513263952,3.4,2.0,0.0,0.0,1.5,--
63807513264951,3.2,1.7,0.0,0.0,1.5,--
63807513265949,3.1,1.6,0.0,0.0,1.5,--
63807513266947,3.1,1.6,0.0,0.0,1.5,--
63807513267943,4.2,2.7,0.0,0.0,1.5,--
63807513268947,3.5,2.0,0.0,0.0,1.5,--
63807513269945,3.5,2.0,0.0,0.0,1.5,--
63807513270941,3.4,1.9,0.0,0.0,1.5,--
63807513271952,3.3,1.8,0.0,0.0,1.5,--
63807513272946,3.7,2.2,0.0,0.0,1.5,--
63807513273954,3.2,1.8,0.0,0.0,1.5,--
63807513274963,3.1,1.7,0.0,0.0,1.5,--
63807513275956,3.4,1.9,0.0,0.0,1.5,--
63807513276958,3.3,1.8,0.0,0.0,1.5,--
63807513277956,3.8,2.3,0.0,0.0,1.5,--
63807513278967,3.3,1.8,0.0,0.0,1.5,--
63807513279957,3.2,1.8,0.0,0.0,1.5,--
63807513280959,3.3,1.8,0.0,0.0,1.5,--
63807513281953,3.2,1.7,0.0,0.0,1.5,--
63807513282964,3.8,2.3,0.0,0.0,1.5,--
63807513283954,3.4,2.0,0.0,0.0,1.5,--
63807513284968,3.3,1.8,0.0,0.0,1.5,--
63807513285966,3.1,1.6,0.0,0.0,1.5,--
63807513286963,3.3,1.8,0.0,0.0,1.5,--
63807513287960,3.7,2.2,0.0,0.0,1.5,--
63807513288957,3.2,1.7,0.0,0.0,1.5,--
63807513289965,3.5,2.0,0.0,0.0,1.5,--
63807513290963,3.6,2.1,0.0,0.0,1.5,--
63807513291963,3.4,1.9,0.0,0.0,1.5,--
63807513292961,3.1,1.6,0.0,0.0,1.5,--
63807513293960,3.9,2.4,0.0,0.0,1.5,--
63807513294957,3.2,1.7,0.0,0.0,1.5,--
63807513295961,3.5,2.0,0.0,0.0,1.5,--
63807513296959,3.3,1.8,0.0,0.0,1.5,--
63807513297959,3.4,1.9,0.0,0.0,1.5,--
63807513298957,3.8,2.3,0.0,0.0,1.5,--
63807513299958,3.2,1.7,0.0,0.0,1.5,--
63807513300967,3.3,1.9,0.0,0.0,1.5,--
63807513301967,3.3,1.8,0.0,0.0,1.5,--
63807513302966,3.2,1.7,0.0,0.0,1.5,--
63807513303962,3.8,2.3,0.0,0.0,1.5,--
63807513304960,3.2,1.7,0.0,0.0,1.5,--
63807513305957,3.0,1.6,0.0,0.0,1.5,--
63807513306967,3.5,2.0,0.0,0.0,1.5,--
63807513307959,3.2,1.7,0.0,0.0,1.5,--
63807513308962,3.9,2.4,0.0,0.0,1.5,--
63807513309961,4.3,2.9,0.0,0.0,1.5,--
63807513310954,3.9,2.4,0.0,0.0,1.5,--
63807513311964,3.7,2.2,0.0,0.0,1.5,--
63807513312968,3.6,2.1,0.0,0.0,1.5,--
63807513313968,4.0,2.5,0.0,0.0,1.5,--
63807513314971,3.3,1.8,0.0,0.0,1.5,--
63807513315980,3.5,2.0,0.0,0.0,1.5,--
63807513316984,3.5,2.0,0.0,0.0,1.5,--
63807513317994,3.5,2.0,0.0,0.0,1.5,--
63807513318991,3.7,2.3,0.0,0.0,1.5,--
63807513319995,3.0,1.5,0.0,0.0,1.5,--
63807513320986,3.3,1.8,0.0,0.0,1.5,--
63807513321992,3.4,1.9,0.0,0.0,1.5,--
63807513322997,3.3,1.8,0.0,0.0,1.5,--
63807513324001,4.3,2.8,0.0,0.0,1.5,--
63807513325009,3.6,2.2,0.0,0.0,1.5,--
63807513326017,3.3,1.9,0.0,0.0,1.5,--
63807513327032,3.3,1.9,0.0,0.0,1.5,--
63807513328033,3.1,1.6,0.0,0.0,1.5,--
63807513329038,4.1,2.6,0.0,0.0,1.5,--
63807513330036,3.5,2.0,0.0,0.0,1.5,--
63807513331050,3.5,2.0,0.0,0.0,1.5,--
63807513332061,3.2,1.7,0.0,0.0,1.5,--
63807513333058,3.5,2.0,0.0,0.0,1.5,--
63807513334056,3.3,1.9,0.0,0.0,1.5,--
63807513335052,3.6,2.2,0.0,0.0,1.5,--
63807513336049,3.2,1.7,0.0,0.0,1.5,--
63807513337063,3.4,1.9,0.0,0.0,1.5,--
63807513338079,3.2,1.7,0.0,0.0,1.5,--
63807513339080,3.4,1.9,0.0,0.0,1.5,--
63807513340092,3.6,2.1,0.0,0.0,1.5,--
63807513341087,3.2,1.8,0.0,0.0,1.5,--
63807513342086,3.2,1.7,0.0,0.0,1.5,--
63807513343090,3.4,1.9,0.0,0.0,1.5,--
63807513344087,3.1,1.6,0.0,0.0,1.5,--
63807513345095,4.0,2.5,0.0,0.0,1.5,--
63807513346108,3.1,1.6,0.0,0.0,1.5,--
63807513347102,3.2,1.8,0.0,0.0,1.5,--
63807513348107,3.3,1.8,0.0,0.0,1.5,--
63807513349100,4.7,3.2,0.0,0.0,1.5,--
63807513350110,3.7,2.2,0.0,0.0,1.5,--
63807513351123,3.1,1.7,0.0,0.0,1.5,--
63807513352118,3.2,1.8,0.0,0.0,1.5,--
63807513353121,3.3,1.9,0.0,0.0,1.5,--
63807513354115,3.1,1.6,0.0,0.0,1.5,--
63807513355124,4.0,2.5,0.0,0.0,1.5,--
63807513356124,3.2,1.7,0.0,0.0,1.5,--
63807513357120,3.4,1.9,0.0,0.0,1.5,--
63807513358110,3.1,1.6,0.0,0.0,1.5,--
63807513359116,3.4,1.9,0.0,0.0,1.5,--
63807513360113,3.7,2.2,0.0,0.0,1.5,--
63807513361111,3.3,1.9,0.0,0.0,1.5,--
63807513362122,3.3,1.8,0.0,0.0,1.5,--
63807513363115,3.5,2.0,0.0,0.0,1.5,--
63807513364123,3.1,1.7,0.0,0.0,1.5,--
63807513365113,3.7,2.3,0.0,0.0,1.5,--
63807513366121,3.3,1.9,0.0,0.0,1.5,--
63807513367116,3.6,2.1,0.0,0.0,1.5,--
63807513368123,3.5,2.1,0.0,0.0,1.5,--
63807513369117,3.8,2.3,0.0,0.0,1.5,--
63807513370123,3.9,2.4,0.0,0.0,1.5,--
63807513371114,3.4,2.0,0.0,0.0,1.5,--
63807513372113,3.5,2.0,0.0,0.0,1.5,--
63807513373127,3.3,1.8,0.0,0.0,1.5,--
63807513374140,3.4,1.9,0.0,0.0,1.5,--
63807513375127,3.4,1.9,0.0,0.0,1.5,--
63807513376135,3.4,1.9,0.0,0.0,1.5,--
63807513377136,3.4,1.9,0.0,0.0,1.5,--
63807513378135,3.2,1.7,0.0,0.0,1.5,--
63807513379130,3.1,1.6,0.0,0.0,1.5,--
63807513380129,3.2,1.7,0.0,0.0,1.5,--
63807513381141,3.7,2.2,0.0,0.0,1.5,--
63807513382157,3.3,1.8,0.0,0.0,1.5,--
63807513383162,3.3,1.8,0.0,0.0,1.5,--
63807513384160,3.2,1.7,0.0,0.0,1.5,--
63807513385171,3.4,1.9,0.0,0.0,1.5,--
63807513386168,3.7,2.3,0.0,0.0,1.5,--
63807513387160,3.3,1.8,0.0,0.0,1.5,--
63807513388158,3.2,1.7,0.0,0.0,1.5,--
63807513389173,3.4,1.9,0.0,0.0,1.5,--
63807513390187,3.2,1.7,0.0,0.0,1.5,--
63807513391187,4.1,2.6,0.0,0.0,1.5,--
63807513392175,3.2,1.8,0.0,0.0,1.5,--
63807513393173,3.1,1.6,0.0,0.0,1.5,--
63807513394187,3.3,1.9,0.0,0.0,1.5,--
63807513395185,3.1,1.6,0.0,0.0,1.5,--
63807513396178,3.6,2.2,0.0,0.0,1.5,--
63807513397181,3.4,1.9,0.0,0.0,1.5,--
63807513398184,3.2,1.8,0.0,0.0,1.5,--
63807513399183,3.4,1.9,0.0,0.0,1.5,--
63807513400183,3.5,2.0,0.0,0.0,1.5,--
63807513401180,3.6,2.2,0.0,0.0,1.5,--
63807513402179,3.3,1.8,0.0,0.0,1.5,--
63807513403174,3.4,1.9,0.0,0.0,1.5,--
63807513404175,3.3,1.8,0.0,0.0,1.5,--
63807513405175,3.3,1.9,0.0,0.0,1.5,--
63807513406174,3.6,2.1,0.0,0.0,1.5,--
63807513407187,3.5,2.0,0.0,0.0,1.5,--
63807513408183,3.9,2.5,0.0,0.0,1.5,--
63807513409179,3.2,1.7,0.0,0.0,1.5,--
63807513410175,3.1,1.6,0.0,0.0,1.5,--
63807513411186,3.9,2.4,0.0,0.0,1.5,--
63807513412182,3.2,1.7,0.0,0.0,1.5,--
63807513413180,3.4,1.9,0.0,0.0,1.5,--
63807513414174,3.4,1.9,0.0,0.0,1.5,--
63807513415176,3.4,1.9,0.0,0.0,1.5,--
63807513416174,3.9,2.4,0.0,0.0,1.5,--
63807513417180,3.6,2.1,0.0,0.0,1.5,--
63807513418178,3.2,1.7,0.0,0.0,1.5,--
63807513419183,3.4,1.9,0.0,0.0,1.5,--
63807513420180,3.2,1.8,0.0,0.0,1.5,--
63807513421178,3.2,1.7,0.0,0.0,1.5,--
63807513422175,3.7,2.2,0.0,0.0,1.5,--
63807513423172,3.2,1.7,0.0,0.0,1.5,--
63807513424187,3.3,1.8,0.0,0.0,1.5,--
63807513425176,3.2,1.8,0.0,0.0,1.5,--
63807513426181,3.2,1.7,0.0,0.0,1.5,--
63807513427179,3.7,2.2,0.0,0.0,1.5,--
63807513428175,3.3,1.9,0.0,0.0,1.5,--
63807513429187,3.3,1.8,0.0,0.0,1.5,--
63807513430182,3.2,1.8,0.0,0.0,1.5,--
63807513431178,3.3,1.8,0.0,0.0,1.5,--
63807513432185,3.7,2.2,0.0,0.0,1.5,--
63807513433188,3.4,1.9,0.0,0.0,1.5,--
63807513434198,3.1,1.6,0.0,0.0,1.5,--
63807513435200,3.2,1.7,0.0,0.0,1.5,--
63807513436191,3.2,1.7,0.0,0.0,1.5,--
63807513437200,3.8,2.3,0.0,0.0,1.5,--
63807513438194,3.3,1.8,0.0,0.0,1.5,--
63807513439193,3.2,1.7,0.0,0.0,1.5,--
63807513440198,3.4,1.9,0.0,0.0,1.5,--
63807513441193,3.1,1.7,0.0,0.0,1.5,--
63807513442203,3.6,2.1,0.0,0.0,1.5,--
63807513443196,3.3,1.9,0.0,0.0,1.5,--
63807513444192,3.4,1.9,0.0,0.0,1.5,--
63807513445193,3.3,1.8,0.0,0.0,1.5,--
63807513446201,3.4,1.9,0.0,0.0,1.5,--
63807513447197,4.3,2.8,0.0,0.0,1.5,--
63807513448189,3.3,1.9,0.0,0.0,1.5,--
63807513449197,3.3,1.8,0.0,0.0,1.5,--
63807513450201,3.4,1.9,0.0,0.0,1.5,--
63807513451191,3.1,1.6,0.0,0.0,1.5,--
63807513452202,3.8,2.3,0.0,0.0,1.5,--
63807513453196,3.5,2.0,0.0,0.0,1.5,--
63807513454198,3.1,1.6,0.0,0.0,1.5,--
63807513455200,3.4,1.9,0.0,0.0,1.5,--
63807513456201,3.2,1.7,0.0,0.0,1.5,--
63807513457199,3.4,1.9,0.0,0.0,1.5,--
63807513458195,3.7,2.2,0.0,0.0,1.5,--
63807513459201,4.5,3.0,0.0,0.1,1.5,--
63807513460189,3.1,1.7,0.0,0.0,1.5,--
63807513461199,3.3,1.9,0.0,0.0,1.5,--
63807513462196,3.2,1.7,0.0,0.0,1.5,--
63807513463194,4.1,2.6,0.0,0.0,1.5,--
63807513464190,3.6,2.1,0.0,0.0,1.5,--
63807513465191,3.3,1.8,0.0,0.0,1.5,--
63807513466189,3.5,2.0,0.0,0.0,1.5,--
63807513467202,3.6,2.1,0.0,0.0,1.5,--
63807513468195,4.3,2.8,0.0,0.0,1.5,--
63807513469194,3.7,2.2,0.0,0.0,1.5,--
63807513470202,3.3,1.8,0.0,0.0,1.5,--
63807513471201,3.3,1.8,0.0,0.0,1.5,--
63807513472197,3.3,1.8,0.0,0.0,1.5,--
63807513473199,3.8,2.3,0.0,0.0,1.5,--
63807513474190,3.2,1.7,0.0,0.0,1.5,--
63807513475200,3.6,2.1,0.0,0.0,1.5,--
63807513476199,3.3,1.8,0.0,0.0,1.5,--
63807513477194,3.2,1.7,0.0,0.0,1.5,--
63807513478205,4.0,2.5,0.0,0.0,1.5,--
63807513479217,3.7,2.2,0.0,0.0,1.5,--
63807513480214,3.7,2.3,0.0,0.0,1.5,--
63807513481209,3.3,1.8,0.0,0.0,1.5,--
63807513482218,3.2,1.8,0.0,0.0,1.5,--
63807513483212,3.7,2.3,0.0,0.0,1.5,--
63807513484216,3.2,1.8,0.0,0.0,1.5,--
63807513485218,3.4,1.9,0.0,0.0,1.5,--
63807513486212,3.9,2.4,0.0,0.0,1.5,--
63807513487209,3.2,1.7,0.0,0.0,1.5,--
63807513488215,3.4,1.9,0.0,0.0,1.5,--
63807513489212,3.5,2.0,0.0,0.0,1.5,--
63807513490206,3.1,1.6,0.0,0.0,1.5,--
63807513491220,3.3,1.9,0.0,0.0,1.5,--
63807513492228,3.1,1.6,0.0,0.0,1.5,--
63807513493226,3.4,2.0,0.0,0.0,1.5,--
63807513494225,3.5,2.0,0.0,0.0,1.5,--
63807513495224,3.4,1.9,0.0,0.0,1.5,--
63807513496234,3.4,1.9,0.0,0.0,1.5,--
63807513497229,3.7,2.2,0.0,0.0,1.5,--
63807513498228,3.4,2.0,0.0,0.0,1.5,--
63807513499222,3.9,2.5,0.0,0.0,1.5,--
63807513500225,3.3,1.9,0.0,0.0,1.5,--
63807513501234,3.2,1.7,0.0,0.0,1.5,--
63807513502235,3.4,1.9,0.0,0.0,1.5,--
63807513503239,3.1,1.6,0.0,0.0,1.5,--
63807513504249,3.8,2.3,0.0,0.0,1.5,--
63807513505243,3.2,1.7,0.0,0.0,1.5,--
63807513506241,3.4,1.9,0.0,0.0,1.5,--
63807513507240,3.1,1.7,0.0,0.0,1.5,--
63807513508244,3.2,1.7,0.0,0.0,1.5,--
63807513509249,3.7,2.2,0.0,0.0,1.5,--
63807513510250,3.3,1.8,0.0,0.0,1.5,--
63807513511252,3.0,1.5,0.0,0.0,1.5,--
63807513512266,3.3,1.8,0.0,0.0,1.5,--
63807513513280,3.3,1.8,0.0,0.0,1.5,--
63807513514280,3.5,2.1,0.0,0.0,1.5,--
63807513515270,3.2,1.7,0.0,0.0,1.5,--
63807513516283,3.3,1.8,0.0,0.0,1.5,--
63807513517286,3.1,1.6,0.0,0.0,1.5,--
63807513518283,3.2,1.7,0.0,0.0,1.5,--
63807513519297,3.7,2.2,0.0,0.0,1.5,--
63807513520287,3.2,1.7,0.0,0.0,1.5,--
63807513521288,3.3,1.9,0.0,0.0,1.5,--
63807513522284,3.2,1.8,0.0,0.0,1.5,--
63807513523300,3.2,1.7,0.0,0.0,1.5,--
63807513524313,3.8,2.4,0.0,0.0,1.5,--
63807513525327,4.0,2.5,0.0,0.0,1.5,--
63807513526318,3.6,2.1,0.0,0.0,1.5,--
63807513527328,3.3,1.8,0.0,0.0,1.5,--
63807513528326,3.4,1.9,0.0,0.0,1.5,--
63807513529322,3.7,2.2,0.0,0.0,1.5,--
63807513530317,3.3,1.8,0.0,0.0,1.5,--
63807513531327,3.2,1.8,0.0,0.0,1.5,--
63807513532327,3.3,1.8,0.0,0.0,1.5,--
63807513533326,3.3,1.8,0.0,0.0,1.5,--
63807513534316,3.5,2.0,0.0,0.0,1.5,--
63807513535319,3.4,1.9,0.0,0.0,1.5,--
63807513536316,3.2,1.7,0.0,0.0,1.5,--
63807513537323,3.2,1.7,0.0,0.0,1.5,--
63807513538316,3.1,1.6,0.0,0.0,1.5,--
63807513539329,3.5,2.0,0.0,0.0,1.5,--
63807513540336,3.8,2.3,0.0,0.0,1.5,--
63807513541332,3.2,1.7,0.0,0.0,1.5,--
63807513542342,3.3,1.9,0.0,0.0,1.5,--
63807513543341,3.1,1.6,0.0,0.0,1.5,--
63807513544344,3.4,1.9,0.0,0.0,1.5,--
63807513545342,3.8,2.4,0.0,0.0,1.5,--
63807513546342,3.4,1.9,0.0,0.0,1.5,--
63807513547341,3.3,1.8,0.0,0.0,1.5,--
63807513548335,3.2,1.8,0.0,0.0,1.5,--
63807513549332,3.1,1.6,0.0,0.0,1.5,--
63807513550339,3.9,2.5,0.0,0.0,1.5,--
63807513551344,3.2,1.7,0.0,0.0,1.5,--
63807513552338,5.3,3.8,0.0,0.0,1.5,--
63807513553335,4.3,2.8,0.0,0.0,1.5,--
63807513554343,3.3,1.8,0.0,0.0,1.5,--
63807513555341,4.6,3.1,0.0,0.0,1.5,--
63807513556337,3.5,2.0,0.0,0.0,1.5,--
63807513557331,3.0,1.5,0.0,0.0,1.5,--
63807513558330,3.3,1.8,0.0,0.0,1.5,--
63807513559331,3.3,1.8,0.0,0.0,1.5,--
63807513560343,4.1,2.6,0.0,0.0,1.5,--
63807513561334,3.3,1.9,0.0,0.0,1.5,--
63807513562340,3.3,1.8,0.0,0.0,1.5,--
63807513563342,3.2,1.7,0.0,0.0,1.5,--
63807513564331,3.3,1.8,0.0,0.0,1.5,--
63807513565343,4.3,2.8,0.0,0.0,1.5,--
63807513566342,3.4,1.9,0.0,0.0,1.5,--
63807513567340,3.2,1.7,0.0,0.0,1.5,--
63807513568329,3.3,1.8,0.0,0.0,1.5,--
63807513569341,3.2,1.7,0.0,0.0,1.5,--
63807513570337,3.5,2.1,0.0,0.0,1.5,--
63807513571341,3.8,2.3,0.0,0.0,1.5,--
63807513572342,3.3,1.9,0.0,0.0,1.5,--
63807513573342,3.2,1.7,0.0,0.0,1.5,--
63807513574342,3.4,1.9,0.0,0.0,1.5,--
63807513575332,3.1,1.6,0.0,0.0,1.5,--
63807513576343,4.8,3.3,0.0,0.0,1.5,--
63807513577344,3.6,2.2,0.0,0.0,1.5,--
63807513578330,3.6,2.1,0.0,0.0,1.5,--
63807513579341,3.4,1.9,0.0,0.0,1.5,--
63807513580343,2.6,1.1,0.0,0.0,1.5,--
63807513581345,3.8,2.3,0.0,0.0,1.5,--
63807513582345,3.1,1.6,0.0,0.0,1.5,--
63807513583354,2.8,1.3,0.0,0.0,1.5,--
63807513584346,1.9,0.4,0.0,0.0,1.5,--
63807513585356,2.3,0.8,0.0,0.0,1.5,--
63807513586346,2.0,0.6,0.0,0.0,1.5,--
63807513587345,1.9,0.4,0.0,0.0,1.5,--
63807513588357,3.7,2.2,0.0,0.1,1.5,--
63807513589359,3.8,2.2,0.0,0.1,1.5,--
63807513590356,6.5,4.8,0.0,0.2,1.5,--
63807513591349,4.2,2.7,0.0,0.0,1.5,--
63807513592353,3.5,1.9,0.0,0.1,1.5,--
63807513593351,9.5,7.7,0.0,0.3,1.5,--
63807513594355,3.6,2.0,0.0,0.1,1.5,--
63807513595357,2.8,0.9,0.0,0.4,1.5,--
63807513596359,4.4,2.8,0.0,0.1,1.5,--
63807513597346,2.7,1.0,0.0,0.2,1.5,--
63807513598353,3.1,1.5,0.0,0.2,1.5,--
63807513599357,2.1,0.6,0.0,0.0,1.5,--
63807513600356,1.8,0.3,0.0,0.0,1.5,--
63807513601354,1.6,0.1,0.0,0.0,1.5,--
63807513602353,1.6,0.1,0.0,0.0,1.5,--
63807513603355,1.7,0.2,0.0,0.0,1.5,--
63807513604350,1.6,0.1,0.0,0.0,1.5,--
63807513605356,1.6,0.1,0.0,0.0,1.5,--
63807513606346,1.5,0.1,0.0,0.0,1.5,--
63807513607359,1.6,0.1,0.0,0.0,1.5,--
63807513608362,1.5,0.0,0.0,0.0,1.5,--
63807513609368,1.7,0.2,0.0,0.0,1.5,--
63807513610374,1.7,0.2,0.0,0.0,1.5,--
63807513611369,1.7,0.2,0.0,0.0,1.5,--
63807513612369,1.8,0.3,0.0,0.0,1.5,--
63807513613375,3.2,1.7,0.0,0.0,1.5,--
63807513614390,2.8,1.3,0.0,0.0,1.5,--
63807513615384,1.8,0.3,0.0,0.0,1.5,--
63807513616380,2.0,0.6,0.0,0.0,1.5,--
63807513617385,1.7,0.2,0.0,0.0,1.5,--
63807513618391,5.4,3.9,0.0,0.0,1.5,--
63807513619388,3.2,1.7,0.0,0.1,1.5,--
63807513620381,1.6,0.1,0.0,0.0,1.5,--
63807513621387,1.8,0.3,0.0,0.0,1.5,--
63807513622376,2.2,0.4,0.0,0.3,1.5,--
63807513623378,1.5,0.0,0.0,0.0,1.5,--
63807513624376,1.8,0.3,0.0,0.0,1.5,--
63807513625386,2.3,0.8,0.0,0.0,1.5,--
63807513626390,2.1,0.6,0.0,0.0,1.5,--
63807513627387,1.8,0.3,0.0,0.0,1.5,--
63807513628385,2.1,0.6,0.0,0.0,1.5,--
63807513629391,1.7,0.2,0.0,0.0,1.5,--
63807513630398,1.6,0.1,0.0,0.0,1.5,--
63807513631403,1.8,0.3,0.0,0.0,1.5,--
63807513632404,1.9,0.4,0.0,0.0,1.5,--
63807513633394,1.5,0.0,0.0,0.0,1.5,--
63807513634406,1.9,0.4,0.0,0.0,1.5,--
63807513635398,1.7,0.2,0.0,0.0,1.5,--
63807513636398,1.8,0.4,0.0,0.0,1.5,--
63807513637393,1.7,0.2,0.0,0.0,1.5,--
63807513638399,2.3,0.8,0.0,0.0,1.5,--
63807513639398,4.3,0.7,0.0,2.1,1.5,--
63807513640401,13.8,9.7,0.0,2.7,1.5,--
63807513641405,13.3,10.9,0.0,0.9,1.5,--
63807513642406,12.7,10.9,0.0,0.3,1.5,--
63807513643394,12.8,10.9,0.0,0.3,1.5,--
63807513644406,11.3,9.7,0.0,0.1,1.5,--
63807513645408,10.9,9.1,0.0,0.3,1.5,--
63807513646418,8.4,6.7,0.0,0.2,1.5,--
63807513647417,11.0,8.8,0.0,0.8,1.5,--
63807513648417,9.0,7.3,0.0,0.2,1.5,--
63807513649424,4.1,2.6,0.0,0.1,1.5,--
63807513650431,1.9,0.4,0.0,0.0,1.5,--
63807513651424,2.5,1.0,0.0,0.0,1.5,--
63807513652431,3.0,1.5,0.0,0.0,1.5,--
63807513653437,2.4,0.9,0.0,0.0,1.5,--
63807513654440,2.9,1.4,0.0,0.0,1.5,--
63807513655442,6.0,4.5,0.0,0.0,1.5,--
63807513656446,6.7,5.2,0.0,0.0,1.5,--
63807513657444,9.6,8.1,0.0,0.0,1.5,--
63807513658452,5.5,4.0,0.0,0.0,1.5,--
63807513659447,4.3,2.8,0.0,0.0,1.5,--
63807513660447,2.8,1.3,0.0,0.0,1.5,--
63807513661448,3.3,1.8,0.0,0.0,1.5,--
63807513662446,4.7,3.2,0.0,0.0,1.5,--
63807513663455,4.6,3.0,0.0,0.0,1.5,--
63807513664463,2.6,1.1,0.0,0.0,1.5,--
63807513665472,2.1,0.6,0.0,0.0,1.5,--
63807513666481,3.1,1.6,0.0,0.0,1.5,--
63807513667477,1.8,0.3,0.0,0.0,1.5,--
63807513668469,1.8,0.3,0.0,0.0,1.5,--
63807513669480,1.7,0.2,0.0,0.0,1.5,--
63807513670489,1.8,0.3,0.0,0.0,1.5,--
63807513671489,2.5,1.1,0.0,0.0,1.5,--
63807513672487,2.6,1.1,0.0,0.0,1.5,--
63807513673499,1.8,0.4,0.0,0.0,1.5,--
63807513674493,1.5,0.0,0.0,0.0,1.5,--
63807513675498,1.8,0.3,0.0,0.0,1.5,--
63807513676497,1.6,0.2,0.0,0.0,1.5,--
63807513677497,1.5,0.1,0.0,0.0,1.5,--
63807513678489,1.5,0.0,0.0,0.0,1.5,--
63807513679491,1.6,0.1,0.0,0.0,1.5,--
63807513680488,1.6,0.2,0.0,0.0,1.5,--
63807513681491,1.6,0.1,0.0,0.0,1.5,--
63807513682497,1.6,0.1,0.0,0.0,1.5,--
63807513683494,3.9,2.4,0.0,0.1,1.5,--
63807513684503,4.9,3.4,0.0,0.0,1.5,--
63807513685504,4.0,2.5,0.0,0.0,1.5,--
63807513686512,4.0,2.6,0.0,0.0,1.5,--
63807513687506,4.5,3.0,0.0,0.0,1.5,--
63807513688512,2.8,1.3,0.0,0.0,1.5,--
63807513689508,2.7,1.2,0.0,0.0,1.5,--
63807513690511,6.9,5.4,0.0,0.0,1.5,--
63807513691510,4.2,2.8,0.0,0.0,1.5,--
63807513692503,1.7,0.2,0.0,0.0,1.5,--
63807513693502,2.4,0.9,0.0,0.0,1.5,--
63807513694502,3.0,1.6,0.0,0.0,1.5,--
63807513695516,5.1,3.6,0.0,0.0,1.5,--
63807513696507,3.6,2.1,0.0,0.0,1.5,--
63807513697514,3.7,2.2,0.0,0.0,1.5,--
63807513698513,4.1,2.6,0.0,0.0,1.5,--
63807513699504,5.4,3.9,0.0,0.0,1.5,--
63807513700508,5.3,3.7,0.0,0.1,1.5,--
63807513701506,2.7,1.2,0.0,0.0,1.5,--
63807513702503,4.2,2.6,0.0,0.1,1.5,--
63807513703509,4.0,2.5,0.0,0.0,1.5,--
63807513704511,6.4,4.7,0.0,0.2,1.5,--
63807513705506,5.7,3.8,0.0,0.4,1.5,--
63807513706506,2.5,1.0,0.0,0.0,1.5,--
63807513707510,3.4,1.9,0.0,0.0,1.5,--
63807513708503,3.2,1.7,0.0,0.0,1.5,--
63807513709513,7.4,5.8,0.0,0.1,1.5,--
63807513710508,3.9,2.3,0.0,0.0,1.5,--
63807513711507,3.1,1.6,0.0,0.0,1.5,--
63807513712505,2.7,1.2,0.0,0.0,1.5,--
63807513713507,4.9,3.4,0.0,0.0,1.5,--
63807513714506,5.4,3.9,0.0,0.0,1.5,--
63807513715502,3.7,2.2,0.0,0.0,1.5,--
63807513716509,2.0,0.5,0.0,0.0,1.5,--
63807513717506,2.9,1.4,0.0,0.0,1.5,--
63807513718513,2.3,0.8,0.0,0.0,1.5,--
63807513719518,1.9,0.4,0.0,0.0,1.5,--
63807513720530,1.9,0.4,0.0,0.0,1.5,--
63807513721518,1.6,0.1,0.0,0.0,1.5,--
63807513722518,2.0,0.5,0.0,0.0,1.5,--
63807513723516,1.7,0.2,0.0,0.0,1.5,--
63807513724525,2.0,0.5,0.0,0.0,1.5,--
63807513725526,2.6,1.0,0.0,0.2,1.5,--
63807513726528,1.8,0.3,0.0,0.0,1.5,--
63807513727525,2.5,1.0,0.0,0.0,1.5,--
63807513728526,2.4,0.9,0.0,0.0,1.5,--
63807513729530,1.6,0.1,0.0,0.0,1.5,--
63807513730516,1.8,0.3,0.0,0.0,1.5,--
63807513731528,1.9,0.5,0.0,0.0,1.5,--
