TimeStamp (ms), Total Power (W), CPU (W), Monitor (W), Disk (W), Base (W), Application (W)
63805888483524,2.0,0.6,0.0,0.0,1.5,--
63805888484527,4.0,2.5,0.0,0.0,1.5,--
63805888485525,3.3,1.8,0.0,0.0,1.5,--
63805888486530,3.0,1.5,0.0,0.0,1.5,--
63805888487540,2.1,0.6,0.0,0.0,1.5,--
63805888488557,5.3,3.8,0.0,0.0,1.5,--
63805888489581,3.7,2.2,0.0,0.0,1.5,--
63805888490581,2.6,1.1,0.0,0.0,1.5,--
63805888491592,3.5,2.0,0.0,0.0,1.5,--
63805888492590,2.8,1.3,0.0,0.0,1.5,--
63805888493587,5.3,3.9,0.0,0.0,1.5,--
63805888494585,2.1,0.6,0.0,0.0,1.5,--
63805888495582,3.5,2.0,0.0,0.0,1.5,--
63805888496609,3.3,1.8,0.0,0.0,1.5,--
63805888497600,4.9,3.4,0.0,0.0,1.5,--
63805888498602,4.2,2.8,0.0,0.0,1.5,--
63805888499652,3.3,1.8,0.0,0.0,1.5,--
63805888500650,5.1,3.6,0.0,0.0,1.5,--
63805888501645,3.2,1.7,0.0,0.0,1.5,--
63805888502645,1.8,0.3,0.0,0.0,1.5,--
63805888503663,3.4,1.9,0.0,0.0,1.5,--
63805888504677,2.3,0.8,0.0,0.0,1.5,--
63805888505675,1.9,0.4,0.0,0.0,1.5,--
63805888506701,2.5,1.0,0.0,0.0,1.5,--
63805888507706,2.1,0.6,0.0,0.0,1.5,--
63805888508705,2.8,1.3,0.0,0.0,1.5,--
63805888509715,2.3,0.8,0.0,0.0,1.5,--
63805888510730,2.3,0.8,0.0,0.0,1.5,--
63805888511748,2.1,0.6,0.0,0.0,1.5,--
63805888512761,2.7,1.2,0.0,0.0,1.5,--
63805888513775,3.0,1.5,0.0,0.0,1.5,--
63805888514774,2.6,1.1,0.0,0.0,1.5,--
63805888515774,1.8,0.3,0.0,0.0,1.5,--
63805888516774,2.2,0.7,0.0,0.0,1.5,--
63805888517776,2.0,0.6,0.0,0.0,1.5,--
63805888518783,2.4,0.9,0.0,0.0,1.5,--
63805888519786,2.2,0.7,0.0,0.0,1.5,--
63805888520788,2.8,1.3,0.0,0.0,1.5,--
63805888521799,1.9,0.4,0.0,0.0,1.5,--
63805888522830,2.3,0.8,0.0,0.0,1.5,--
63805888523831,2.0,0.6,0.0,0.0,1.5,--
63805888524844,2.3,0.8,0.0,0.0,1.5,--
63805888525860,3.3,1.8,0.0,0.0,1.5,--
63805888526863,2.2,0.7,0.0,0.0,1.5,--
63805888527866,2.2,0.7,0.0,0.0,1.5,--
63805888528877,2.3,0.8,0.0,0.0,1.5,--
63805888529890,2.1,0.6,0.0,0.0,1.5,--
63805888530904,4.0,2.5,0.0,0.0,1.5,--
63805888531919,2.1,0.6,0.0,0.0,1.5,--
63805888532929,2.3,0.8,0.0,0.0,1.5,--
63805888533948,1.9,0.4,0.0,0.0,1.5,--
63805888534964,3.1,1.6,0.0,0.0,1.5,--
63805888535969,3.4,2.0,0.0,0.0,1.5,--
63805888536971,2.2,0.7,0.0,0.0,1.5,--
63805888538002,2.2,0.7,0.0,0.0,1.5,--
63805888539015,2.2,0.7,0.0,0.0,1.5,--
63805888540027,2.0,0.5,0.0,0.0,1.5,--
63805888541021,3.0,1.5,0.0,0.0,1.5,--
63805888542021,2.1,0.6,0.0,0.0,1.5,--
63805888543024,1.9,0.4,0.0,0.0,1.5,--
63805888544026,2.2,0.7,0.0,0.0,1.5,--
63805888545023,1.8,0.4,0.0,0.0,1.5,--
63805888546027,2.7,1.2,0.0,0.0,1.5,--
63805888547021,2.2,0.7,0.0,0.0,1.5,--
63805888548022,1.9,0.4,0.0,0.0,1.5,--
63805888549022,2.1,0.6,0.0,0.0,1.5,--
63805888550023,2.2,0.7,0.0,0.0,1.5,--
63805888551029,2.8,1.3,0.0,0.0,1.5,--
63805888552040,1.9,0.5,0.0,0.0,1.5,--
63805888553049,2.7,1.2,0.0,0.0,1.5,--
63805888554061,2.2,0.8,0.0,0.0,1.5,--
63805888555066,2.0,0.5,0.0,0.0,1.5,--
63805888556095,3.5,2.0,0.0,0.0,1.5,--
63805888557106,3.3,1.8,0.0,0.0,1.5,--
63805888558113,2.1,0.6,0.0,0.0,1.5,--
63805888559123,2.0,0.5,0.0,0.0,1.5,--
63805888560124,2.2,0.7,0.0,0.0,1.5,--
63805888561116,3.4,1.9,0.0,0.0,1.5,--
63805888562123,2.1,0.6,0.0,0.0,1.5,--
63805888563120,2.0,0.6,0.0,0.0,1.5,--
63805888564115,2.5,1.1,0.0,0.0,1.5,--
63805888565116,2.9,1.4,0.0,0.0,1.5,--
63805888566129,3.2,1.7,0.0,0.0,1.5,--
63805888567132,3.0,1.5,0.0,0.0,1.5,--
63805888568129,2.4,0.9,0.0,0.0,1.5,--
63805888569155,3.4,2.0,0.0,0.0,1.5,--
63805888570155,2.2,0.7,0.0,0.0,1.5,--
63805888571159,3.9,2.4,0.0,0.0,1.5,--
63805888572169,2.4,0.9,0.0,0.0,1.5,--
63805888573172,3.9,2.4,0.0,0.0,1.5,--
63805888574200,1.7,0.3,0.0,0.0,1.5,--
63805888575232,1.7,0.2,0.0,0.0,1.5,--
63805888576243,4.2,2.7,0.0,0.0,1.5,--
63805888577246,2.8,1.3,0.0,0.0,1.5,--
63805888578262,2.1,0.6,0.0,0.0,1.5,--
63805888579279,2.6,1.1,0.0,0.0,1.5,--
63805888580275,2.1,0.6,0.0,0.0,1.5,--
63805888581275,3.0,1.5,0.0,0.0,1.5,--
63805888582285,2.4,0.9,0.0,0.0,1.5,--
63805888583295,2.0,0.6,0.0,0.0,1.5,--
63805888584306,1.7,0.3,0.0,0.0,1.5,--
63805888585322,1.7,0.2,0.0,0.0,1.5,--
63805888586330,2.3,0.9,0.0,0.0,1.5,--
63805888587340,2.9,1.4,0.0,0.0,1.5,--
63805888588353,1.8,0.3,0.0,0.0,1.5,--
63805888589352,1.9,0.4,0.0,0.0,1.5,--
63805888590356,3.8,2.3,0.0,0.0,1.5,--
63805888591347,2.3,0.8,0.0,0.0,1.5,--
63805888592359,3.3,1.8,0.0,0.0,1.5,--
63805888593380,2.9,1.4,0.0,0.0,1.5,--
63805888594393,2.0,0.5,0.0,0.0,1.5,--
63805888595407,2.2,0.8,0.0,0.0,1.5,--
63805888596428,1.8,0.3,0.0,0.0,1.5,--
63805888597441,3.1,1.6,0.0,0.0,1.5,--
63805888598443,2.0,0.5,0.0,0.0,1.5,--
63805888599447,1.7,0.2,0.0,0.0,1.5,--
63805888600445,1.7,0.3,0.0,0.0,1.5,--
63805888601447,1.8,0.4,0.0,0.0,1.5,--
63805888602449,2.4,1.0,0.0,0.0,1.5,--
63805888603447,1.8,0.3,0.0,0.0,1.5,--
63805888604444,1.8,0.3,0.0,0.0,1.5,--
63805888605446,2.5,1.0,0.0,0.0,1.5,--
63805888606446,3.3,1.8,0.0,0.0,1.5,--
63805888607446,4.5,3.1,0.0,0.0,1.5,--
63805888608464,2.8,1.3,0.0,0.0,1.5,--
63805888609480,2.2,0.8,0.0,0.0,1.5,--
63805888610475,2.4,1.0,0.0,0.0,1.5,--
63805888611479,5.7,4.3,0.0,0.0,1.5,--
63805888612492,3.2,1.7,0.0,0.0,1.5,--
63805888613491,2.7,1.2,0.0,0.0,1.5,--
63805888614494,2.0,0.5,0.0,0.0,1.5,--
63805888615510,3.6,2.1,0.0,0.0,1.5,--
63805888616524,3.7,2.3,0.0,0.0,1.5,--
63805888617537,3.9,2.5,0.0,0.0,1.5,--
63805888618557,3.2,1.7,0.0,0.0,1.5,--
63805888619576,2.7,1.2,0.0,0.0,1.5,--
63805888620583,4.0,2.6,0.0,0.0,1.5,--
63805888621610,2.8,1.3,0.0,0.0,1.5,--
63805888622629,2.9,1.4,0.0,0.0,1.5,--
63805888623646,5.2,3.7,0.0,0.0,1.5,--
63805888624644,4.5,3.0,0.0,0.0,1.5,--
63805888625657,3.4,1.9,0.0,0.0,1.5,--
63805888626686,2.1,0.6,0.0,0.0,1.5,--
63805888627688,3.4,1.9,0.0,0.0,1.5,--
63805888628704,3.5,2.0,0.0,0.0,1.5,--
63805888629722,2.0,0.5,0.0,0.0,1.5,--
63805888630735,2.3,0.8,0.0,0.0,1.5,--
63805888631748,2.2,0.7,0.0,0.0,1.5,--
63805888632743,2.9,1.5,0.0,0.0,1.5,--
63805888633747,2.5,1.0,0.0,0.0,1.5,--
63805888634751,1.9,0.5,0.0,0.0,1.5,--
63805888635780,2.1,0.6,0.0,0.0,1.5,--
63805888636777,2.1,0.6,0.0,0.0,1.5,--
63805888637774,2.8,1.3,0.0,0.0,1.5,--
63805888638773,2.5,1.0,0.0,0.0,1.5,--
63805888639786,2.2,0.7,0.0,0.0,1.5,--
63805888640783,2.6,1.2,0.0,0.0,1.5,--
63805888641786,2.7,1.2,0.0,0.0,1.5,--
63805888642792,2.9,1.4,0.0,0.0,1.5,--
63805888643790,2.9,1.4,0.0,0.0,1.5,--
63805888644808,2.4,0.9,0.0,0.0,1.5,--
63805888645820,1.9,0.5,0.0,0.0,1.5,--
63805888646817,2.3,0.8,0.0,0.0,1.5,--
63805888647825,3.2,1.8,0.0,0.0,1.5,--
63805888648816,3.2,1.8,0.0,0.0,1.5,--
63805888649820,1.9,0.4,0.0,0.0,1.5,--
63805888650821,2.2,0.7,0.0,0.0,1.5,--
63805888651825,2.0,0.5,0.0,0.0,1.5,--
63805888652823,2.2,0.7,0.0,0.0,1.5,--
63805888653823,3.0,1.5,0.0,0.0,1.5,--
63805888654837,2.2,0.7,0.0,0.0,1.5,--
63805888655850,2.3,0.9,0.0,0.0,1.5,--
63805888656856,2.0,0.5,0.0,0.0,1.5,--
63805888657871,1.8,0.3,0.0,0.0,1.5,--
63805888658870,2.5,1.0,0.0,0.0,1.5,--
63805888659883,1.9,0.4,0.0,0.0,1.5,--
63805888660892,2.3,0.8,0.0,0.0,1.5,--
63805888661908,2.6,1.2,0.0,0.0,1.5,--
63805888662939,3.7,2.2,0.0,0.0,1.5,--
63805888663946,5.9,4.4,0.0,0.0,1.5,--
63805888664950,4.8,3.3,0.0,0.0,1.5,--
63805888665955,2.2,0.7,0.0,0.0,1.5,--
63805888666963,3.3,1.9,0.0,0.0,1.5,--
63805888667975,3.3,1.8,0.0,0.0,1.5,--
63805888668991,5.3,3.8,0.0,0.0,1.5,--
63805888670000,4.3,2.8,0.0,0.0,1.5,--
63805888671021,3.0,1.6,0.0,0.0,1.5,--
63805888672034,2.3,0.8,0.0,0.0,1.5,--
63805888673046,3.7,2.2,0.0,0.0,1.5,--
63805888674044,4.6,3.2,0.0,0.0,1.5,--
63805888675038,2.3,0.8,0.0,0.0,1.5,--
63805888676054,2.0,0.5,0.0,0.0,1.5,--
63805888677067,1.7,0.2,0.0,0.0,1.5,--
63805888678079,2.0,0.5,0.0,0.0,1.5,--
63805888679085,2.5,1.0,0.0,0.0,1.5,--
63805888680099,1.8,0.3,0.0,0.0,1.5,--
63805888681115,1.7,0.3,0.0,0.0,1.5,--
63805888682123,2.1,0.7,0.0,0.0,1.5,--
63805888683113,1.8,0.4,0.0,0.0,1.5,--
63805888684113,3.2,1.7,0.0,0.0,1.5,--
63805888685128,2.2,0.8,0.0,0.0,1.5,--
63805888686142,2.5,1.0,0.0,0.0,1.5,--
63805888687156,2.4,0.9,0.0,0.0,1.5,--
63805888688162,2.1,0.6,0.0,0.0,1.5,--
63805888689168,5.4,3.9,0.0,0.0,1.5,--
63805888690168,2.2,0.7,0.0,0.0,1.5,--
63805888691179,3.3,1.8,0.0,0.0,1.5,--
63805888692176,3.7,2.3,0.0,0.0,1.5,--
63805888693176,2.7,1.3,0.0,0.0,1.5,--
63805888694202,3.2,1.7,0.0,0.0,1.5,--
63805888695199,2.2,0.7,0.0,0.0,1.5,--
63805888696199,2.5,1.1,0.0,0.0,1.5,--
63805888697203,4.7,3.2,0.0,0.0,1.5,--
63805888698214,2.6,1.1,0.0,0.0,1.5,--
63805888699213,2.6,1.1,0.0,0.0,1.5,--
63805888700230,2.7,1.3,0.0,0.0,1.5,--
63805888701231,2.6,1.2,0.0,0.0,1.5,--
63805888702244,1.9,0.4,0.0,0.0,1.5,--
63805888703268,2.5,1.0,0.0,0.0,1.5,--
63805888704269,3.3,1.8,0.0,0.0,1.5,--
63805888705282,3.6,2.1,0.0,0.0,1.5,--
63805888706300,2.6,1.1,0.0,0.0,1.5,--
63805888707317,2.7,1.2,0.0,0.0,1.5,--
63805888708316,2.2,0.7,0.0,0.0,1.5,--
63805888709330,2.4,0.9,0.0,0.0,1.5,--
63805888710352,4.0,2.6,0.0,0.0,1.5,--
63805888711351,2.3,0.8,0.0,0.0,1.5,--
63805888712349,1.9,0.5,0.0,0.0,1.5,--
63805888713347,5.1,3.6,0.0,0.0,1.5,--
63805888714371,4.0,2.6,0.0,0.0,1.5,--
63805888715382,3.6,2.1,0.0,0.0,1.5,--
63805888716392,2.2,0.7,0.0,0.0,1.5,--
63805888717405,2.3,0.8,0.0,0.0,1.5,--
63805888718395,4.9,3.4,0.0,0.0,1.5,--
63805888719394,1.9,0.5,0.0,0.0,1.5,--
63805888720395,3.3,1.8,0.0,0.0,1.5,--
63805888721400,3.0,1.6,0.0,0.0,1.5,--
63805888722411,2.2,0.7,0.0,0.0,1.5,--
63805888723437,2.1,0.7,0.0,0.0,1.5,--
63805888724435,2.0,0.5,0.0,0.0,1.5,--
63805888725450,3.0,1.5,0.0,0.0,1.5,--
63805888726457,1.9,0.4,0.0,0.0,1.5,--
63805888727471,3.5,2.0,0.0,0.0,1.5,--
63805888728488,4.8,3.3,0.0,0.0,1.5,--
63805888729501,2.2,0.7,0.0,0.0,1.5,--
63805888730494,3.5,2.0,0.0,0.0,1.5,--
63805888731491,2.1,0.6,0.0,0.0,1.5,--
63805888732490,2.3,0.8,0.0,0.0,1.5,--
63805888733497,4.8,3.3,0.0,0.0,1.5,--
63805888734493,3.7,2.2,0.0,0.0,1.5,--
63805888735494,5.1,3.6,0.0,0.0,1.5,--
63805888736496,2.2,0.7,0.0,0.0,1.5,--
63805888737493,2.1,0.6,0.0,0.0,1.5,--
63805888738507,1.8,0.3,0.0,0.0,1.5,--
63805888739506,1.7,0.2,0.0,0.0,1.5,--
63805888740516,3.6,2.2,0.0,0.0,1.5,--
63805888741540,2.1,0.6,0.0,0.0,1.5,--
63805888742546,2.4,1.0,0.0,0.0,1.5,--
63805888743552,1.9,0.4,0.0,0.0,1.5,--
63805888744580,2.4,0.9,0.0,0.0,1.5,--
63805888745597,3.0,1.5,0.0,0.0,1.5,--
63805888746617,2.9,1.4,0.0,0.0,1.5,--
63805888747616,1.8,0.3,0.0,0.0,1.5,--
63805888748613,1.6,0.2,0.0,0.0,1.5,--
63805888749617,1.8,0.3,0.0,0.0,1.5,--
63805888750613,3.4,1.9,0.0,0.0,1.5,--
63805888751614,2.1,0.6,0.0,0.0,1.5,--
63805888752616,1.9,0.5,0.0,0.0,1.5,--
63805888753615,2.0,0.6,0.0,0.0,1.5,--
63805888754615,1.7,0.2,0.0,0.0,1.5,--
63805888755620,2.4,0.9,0.0,0.0,1.5,--
63805888756619,2.0,0.5,0.0,0.0,1.5,--
63805888757621,2.3,0.8,0.0,0.0,1.5,--
63805888758624,2.2,0.7,0.0,0.0,1.5,--
63805888759636,2.0,0.5,0.0,0.0,1.5,--
63805888760634,2.8,1.4,0.0,0.0,1.5,--
63805888761638,2.4,0.9,0.0,0.0,1.5,--
63805888762634,2.9,1.5,0.0,0.0,1.5,--
63805888763647,1.9,0.4,0.0,0.0,1.5,--
63805888764650,2.4,0.9,0.0,0.0,1.5,--
63805888765646,3.4,1.9,0.0,0.0,1.5,--
63805888766647,2.8,1.4,0.0,0.0,1.5,--
63805888767652,1.9,0.4,0.0,0.0,1.5,--
63805888768655,1.9,0.4,0.0,0.0,1.5,--
63805888769658,2.5,1.1,0.0,0.0,1.5,--
63805888770684,2.1,0.7,0.0,0.0,1.5,--
63805888771676,3.6,2.2,0.0,0.0,1.5,--
63805888772692,2.4,0.9,0.0,0.0,1.5,--
63805888773709,1.8,0.3,0.0,0.0,1.5,--
63805888774718,2.4,0.9,0.0,0.0,1.5,--
63805888775728,2.4,0.9,0.0,0.0,1.5,--
63805888776737,3.2,1.7,0.0,0.0,1.5,--
63805888777750,2.8,1.3,0.0,0.0,1.5,--
63805888778754,2.5,1.0,0.0,0.0,1.5,--
63805888779779,2.8,1.3,0.0,0.0,1.5,--
63805888780789,2.4,0.9,0.0,0.0,1.5,--
63805888781790,3.9,2.4,0.0,0.0,1.5,--
63805888782806,1.7,0.3,0.0,0.0,1.5,--
63805888783802,1.7,0.3,0.0,0.0,1.5,--
63805888784805,1.8,0.3,0.0,0.0,1.5,--
63805888785804,2.6,1.1,0.0,0.0,1.5,--
63805888786814,3.4,1.9,0.0,0.0,1.5,--
63805888787833,2.1,0.6,0.0,0.0,1.5,--
63805888788852,2.0,0.6,0.0,0.0,1.5,--
63805888789875,2.2,0.7,0.0,0.0,1.5,--
63805888790875,2.1,0.6,0.0,0.0,1.5,--
63805888791871,2.8,1.3,0.0,0.0,1.5,--
63805888792868,2.2,0.7,0.0,0.0,1.5,--
63805888793872,2.6,1.2,0.0,0.0,1.5,--
63805888794878,2.2,0.8,0.0,0.0,1.5,--
63805888795878,2.0,0.5,0.0,0.0,1.5,--
63805888796908,3.9,2.4,0.0,0.0,1.5,--
63805888797908,2.9,1.5,0.0,0.0,1.5,--
63805888798935,2.8,1.4,0.0,0.0,1.5,--
63805888799943,2.4,0.9,0.0,0.0,1.5,--
63805888800950,2.2,0.7,0.0,0.0,1.5,--
63805888801952,3.5,2.0,0.0,0.0,1.5,--
63805888802940,2.7,1.2,0.0,0.0,1.5,--
63805888803945,3.4,1.9,0.0,0.0,1.5,--
63805888804952,4.2,2.8,0.0,0.0,1.5,--
63805888805964,2.7,1.3,0.0,0.0,1.5,--
63805888806974,2.6,1.1,0.0,0.0,1.5,--
63805888807990,1.7,0.2,0.0,0.0,1.5,--
63805888808988,1.9,0.4,0.0,0.0,1.5,--
63805888809991,1.9,0.4,0.0,0.0,1.5,--
63805888810994,1.7,0.2,0.0,0.0,1.5,--
63805888811991,2.5,1.0,0.0,0.0,1.5,--
63805888813004,1.6,0.1,0.0,0.0,1.5,--
63805888814005,2.4,0.9,0.0,0.0,1.5,--
63805888815009,1.7,0.2,0.0,0.0,1.5,--
63805888816007,1.8,0.3,0.0,0.0,1.5,--
63805888817008,2.6,1.1,0.0,0.0,1.5,--
63805888818019,1.7,0.2,0.0,0.0,1.5,--
63805888819046,2.2,0.7,0.0,0.0,1.5,--
63805888820049,2.1,0.6,0.0,0.0,1.5,--
63805888821069,1.9,0.4,0.0,0.0,1.5,--
63805888822070,2.8,1.3,0.0,0.0,1.5,--
63805888823091,2.2,0.7,0.0,0.0,1.5,--
63805888824093,1.8,0.4,0.0,0.0,1.5,--
63805888825107,1.8,0.3,0.0,0.0,1.5,--
63805888826106,1.8,0.3,0.0,0.0,1.5,--
63805888827105,2.2,0.7,0.0,0.0,1.5,--
63805888828121,2.2,0.7,0.0,0.0,1.5,--
63805888829121,2.0,0.5,0.0,0.0,1.5,--
63805888830122,1.8,0.3,0.0,0.0,1.5,--
63805888831138,1.9,0.4,0.0,0.0,1.5,--
63805888832138,2.0,0.5,0.0,0.0,1.5,--
63805888833143,2.8,1.3,0.0,0.0,1.5,--
63805888834152,1.9,0.4,0.0,0.0,1.5,--
63805888835169,1.9,0.4,0.0,0.0,1.5,--
63805888836187,1.7,0.2,0.0,0.0,1.5,--
63805888837184,1.7,0.2,0.0,0.0,1.5,--
63805888838180,2.9,1.4,0.0,0.0,1.5,--
63805888839184,1.7,0.2,0.0,0.0,1.5,--
63805888840201,1.8,0.3,0.0,0.0,1.5,--
63805888841200,1.7,0.3,0.0,0.0,1.5,--
63805888842214,1.6,0.2,0.0,0.0,1.5,--
63805888843236,2.8,1.3,0.0,0.0,1.5,--
63805888844250,2.0,0.5,0.0,0.0,1.5,--
63805888845270,2.9,1.3,0.0,0.1,1.5,--
63805888846279,2.2,0.7,0.0,0.0,1.5,--
63805888847282,2.0,0.5,0.0,0.0,1.5,--
63805888848291,3.0,1.5,0.0,0.0,1.5,--
63805888849304,1.7,0.3,0.0,0.0,1.5,--
63805888850320,1.8,0.3,0.0,0.0,1.5,--
63805888851331,1.6,0.1,0.0,0.0,1.5,--
63805888852350,1.9,0.4,0.0,0.0,1.5,--
63805888853350,3.7,2.3,0.0,0.0,1.5,--
63805888854374,4.3,2.8,0.0,0.0,1.5,--
63805888855387,2.7,1.2,0.0,0.0,1.5,--
63805888856388,2.5,1.0,0.0,0.0,1.5,--
63805888857407,4.1,2.6,0.0,0.0,1.5,--
63805888858423,7.0,5.5,0.0,0.0,1.5,--
63805888859436,4.7,3.2,0.0,0.0,1.5,--
63805888860447,2.6,1.2,0.0,0.0,1.5,--
63805888861450,3.2,1.7,0.0,0.0,1.5,--
63805888862447,2.6,1.2,0.0,0.0,1.5,--
63805888863442,3.7,2.2,0.0,0.0,1.5,--
63805888864444,2.1,0.6,0.0,0.0,1.5,--
63805888865443,2.4,0.9,0.0,0.0,1.5,--
63805888866446,1.9,0.4,0.0,0.0,1.5,--
63805888867448,3.4,1.9,0.0,0.0,1.5,--
63805888868447,3.2,1.7,0.0,0.0,1.5,--
63805888869444,2.1,0.6,0.0,0.0,1.5,--
63805888870468,3.7,2.2,0.0,0.0,1.5,--
63805888871472,1.9,0.4,0.0,0.0,1.5,--
63805888872476,2.4,0.9,0.0,0.0,1.5,--
63805888873492,4.8,3.3,0.0,0.0,1.5,--
63805888874494,2.7,1.2,0.0,0.0,1.5,--
63805888875491,1.9,0.4,0.0,0.0,1.5,--
63805888876492,1.9,0.5,0.0,0.0,1.5,--
63805888877507,2.1,0.6,0.0,0.0,1.5,--
63805888878516,3.6,2.1,0.0,0.0,1.5,--
63805888879532,2.5,1.0,0.0,0.0,1.5,--
63805888880562,1.9,0.5,0.0,0.0,1.5,--
63805888881566,1.9,0.4,0.0,0.0,1.5,--
63805888882579,2.0,0.5,0.0,0.0,1.5,--
63805888883589,3.0,1.6,0.0,0.0,1.5,--
63805888884606,2.4,1.0,0.0,0.0,1.5,--
63805888885605,2.0,0.5,0.0,0.0,1.5,--
63805888886614,1.9,0.4,0.0,0.0,1.5,--
63805888887624,2.1,0.7,0.0,0.0,1.5,--
63805888888612,2.9,1.4,0.0,0.0,1.5,--
63805888889616,2.2,0.7,0.0,0.0,1.5,--
63805888890628,2.5,1.0,0.0,0.0,1.5,--
63805888891635,1.9,0.4,0.0,0.0,1.5,--
63805888892641,2.2,0.7,0.0,0.0,1.5,--
63805888893646,2.4,1.0,0.0,0.0,1.5,--
63805888894652,3.3,1.8,0.0,0.0,1.5,--
63805888895649,2.2,0.7,0.0,0.0,1.5,--
63805888896645,1.8,0.3,0.0,0.0,1.5,--
63805888897646,1.8,0.3,0.0,0.0,1.5,--
63805888898647,2.5,1.0,0.0,0.0,1.5,--
63805888899645,3.0,1.5,0.0,0.0,1.5,--
63805888900651,2.9,1.4,0.0,0.0,1.5,--
63805888901651,2.1,0.6,0.0,0.0,1.5,--
63805888902649,2.5,1.0,0.0,0.0,1.5,--
63805888903653,1.9,0.4,0.0,0.0,1.5,--
63805888904649,3.3,1.8,0.0,0.0,1.5,--
63805888905648,1.9,0.4,0.0,0.0,1.5,--
63805888906659,2.4,0.9,0.0,0.0,1.5,--
63805888907673,2.3,0.8,0.0,0.0,1.5,--
63805888908678,2.6,1.1,0.0,0.0,1.5,--
63805888909702,3.1,1.6,0.0,0.0,1.5,--
63805888910700,2.0,0.5,0.0,0.0,1.5,--
63805888911704,2.4,0.9,0.0,0.0,1.5,--
63805888912690,2.1,0.7,0.0,0.0,1.5,--
63805888913705,2.3,0.8,0.0,0.0,1.5,--
63805888914714,3.3,1.8,0.0,0.0,1.5,--
63805888915708,2.2,0.7,0.0,0.0,1.5,--
63805888916727,2.2,0.7,0.0,0.0,1.5,--
63805888917735,2.5,1.0,0.0,0.0,1.5,--
63805888918746,2.1,0.6,0.0,0.0,1.5,--
63805888919744,3.2,1.8,0.0,0.0,1.5,--
63805888920750,2.3,0.8,0.0,0.0,1.5,--
63805888921741,2.8,1.3,0.0,0.0,1.5,--
63805888922743,1.9,0.4,0.0,0.0,1.5,--
63805888923745,1.9,0.4,0.0,0.0,1.5,--
63805888924737,3.1,1.7,0.0,0.0,1.5,--
63805888925743,2.1,0.7,0.0,0.0,1.5,--
63805888926742,1.9,0.4,0.0,0.0,1.5,--
63805888927753,2.1,0.7,0.0,0.0,1.5,--
63805888928759,2.3,0.8,0.0,0.0,1.5,--
63805888929759,2.9,1.4,0.0,0.0,1.5,--
63805888930762,2.3,0.9,0.0,0.0,1.5,--
63805888931773,1.8,0.3,0.0,0.0,1.5,--
63805888932790,1.8,0.3,0.0,0.0,1.5,--
63805888933796,1.7,0.2,0.0,0.0,1.5,--
63805888934806,2.4,0.9,0.0,0.0,1.5,--
63805888935821,1.9,0.4,0.0,0.0,1.5,--
63805888936819,2.1,0.7,0.0,0.0,1.5,--
63805888937832,2.5,1.0,0.0,0.0,1.5,--
63805888938846,2.6,1.1,0.0,0.0,1.5,--
63805888939863,3.2,1.7,0.0,0.0,1.5,--
63805888940876,3.0,1.5,0.0,0.0,1.5,--
63805888941908,2.5,1.0,0.0,0.0,1.5,--
63805888942926,2.2,0.8,0.0,0.0,1.5,--
63805888943936,2.3,0.8,0.0,0.0,1.5,--
63805888944953,2.7,1.2,0.0,0.0,1.5,--
63805888945964,2.2,0.7,0.0,0.0,1.5,--
63805888946987,2.2,0.7,0.0,0.0,1.5,--
63805888947993,2.1,0.6,0.0,0.0,1.5,--
63805888948999,2.2,0.7,0.0,0.0,1.5,--
63805888950003,2.8,1.3,0.0,0.0,1.5,--
63805888951016,2.3,0.8,0.0,0.0,1.5,--
63805888952017,2.3,0.8,0.0,0.0,1.5,--
63805888953020,2.1,0.7,0.0,0.0,1.5,--
63805888954020,2.0,0.5,0.0,0.0,1.5,--
63805888955023,2.4,0.9,0.0,0.0,1.5,--
63805888956036,3.7,1.9,0.0,0.3,1.5,--
63805888957054,2.4,0.9,0.0,0.0,1.5,--
63805888958050,2.3,0.8,0.0,0.0,1.5,--
63805888959080,2.3,0.8,0.0,0.0,1.5,--
63805888960093,2.1,0.6,0.0,0.0,1.5,--
63805888961107,3.6,2.1,0.0,0.0,1.5,--
63805888962122,2.2,0.8,0.0,0.0,1.5,--
63805888963123,2.2,0.7,0.0,0.0,1.5,--
63805888964133,2.0,0.5,0.0,0.0,1.5,--
63805888965158,2.4,0.9,0.0,0.0,1.5,--
63805888966172,3.0,1.6,0.0,0.0,1.5,--
63805888967184,2.2,0.8,0.0,0.0,1.5,--
63805888968203,2.0,0.6,0.0,0.0,1.5,--
63805888969194,2.3,0.8,0.0,0.0,1.5,--
63805888970217,2.3,0.8,0.0,0.0,1.5,--
63805888971233,3.1,1.6,0.0,0.0,1.5,--
63805888972251,2.1,0.6,0.0,0.0,1.5,--
63805888973269,2.1,0.6,0.0,0.0,1.5,--
63805888974271,3.0,1.5,0.0,0.0,1.5,--
63805888975271,1.8,0.3,0.0,0.0,1.5,--
63805888976286,2.6,1.1,0.0,0.0,1.5,--
63805888977305,2.1,0.6,0.0,0.0,1.5,--
63805888978324,2.2,0.7,0.0,0.0,1.5,--
63805888979322,2.3,0.9,0.0,0.0,1.5,--
63805888980318,1.9,0.4,0.0,0.0,1.5,--
63805888981323,2.5,1.0,0.0,0.0,1.5,--
63805888982319,1.8,0.3,0.0,0.0,1.5,--
63805888983330,2.1,0.6,0.0,0.0,1.5,--
63805888984343,2.0,0.6,0.0,0.0,1.5,--
63805888985334,2.2,0.7,0.0,0.0,1.5,--
63805888986348,3.2,1.7,0.0,0.0,1.5,--
63805888987362,1.8,0.3,0.0,0.0,1.5,--
63805888988377,2.5,1.0,0.0,0.0,1.5,--
63805888989393,2.5,1.0,0.0,0.0,1.5,--
63805888990396,2.3,0.8,0.0,0.0,1.5,--
63805888991409,2.7,1.2,0.0,0.0,1.5,--
63805888992431,2.4,0.9,0.0,0.0,1.5,--
63805888993432,2.3,0.8,0.0,0.0,1.5,--
63805888994446,2.0,0.6,0.0,0.0,1.5,--
63805888995444,1.8,0.3,0.0,0.0,1.5,--
63805888996442,3.3,1.8,0.0,0.0,1.5,--
63805888997453,2.5,1.0,0.0,0.0,1.5,--
63805888998453,2.3,0.8,0.0,0.0,1.5,--
63805888999452,3.1,1.6,0.0,0.0,1.5,--
63805889000448,2.1,0.6,0.0,0.0,1.5,--
63805889001446,2.7,1.3,0.0,0.0,1.5,--
63805889002442,1.8,0.3,0.0,0.0,1.5,--
63805889003455,2.2,0.7,0.0,0.0,1.5,--
63805889004471,2.1,0.6,0.0,0.0,1.5,--
63805889005482,2.4,0.9,0.0,0.0,1.5,--
63805889006482,3.0,1.5,0.0,0.0,1.5,--
63805889007499,2.2,0.7,0.0,0.0,1.5,--
63805889008495,2.1,0.6,0.0,0.0,1.5,--
63805889009494,2.0,0.5,0.0,0.0,1.5,--
63805889010500,1.8,0.4,0.0,0.0,1.5,--
63805889011526,2.9,1.4,0.0,0.0,1.5,--
63805889012534,2.8,1.4,0.0,0.0,1.5,--
63805889013549,2.6,1.1,0.0,0.0,1.5,--
63805889014580,2.4,0.9,0.0,0.0,1.5,--
63805889015611,2.5,1.0,0.0,0.0,1.5,--
63805889016619,3.4,1.9,0.0,0.0,1.5,--
63805889017631,1.8,0.4,0.0,0.0,1.5,--
63805889018645,2.3,0.9,0.0,0.0,1.5,--
63805889019657,2.4,0.9,0.0,0.0,1.5,--
63805889020676,2.1,0.6,0.0,0.0,1.5,--
63805889021705,3.2,1.7,0.0,0.0,1.5,--
63805889022709,2.1,0.6,0.0,0.0,1.5,--
63805889023724,2.1,0.7,0.0,0.0,1.5,--
63805889024737,1.8,0.3,0.0,0.0,1.5,--
63805889025750,1.9,0.4,0.0,0.0,1.5,--
63805889026766,3.0,1.5,0.0,0.0,1.5,--
63805889027783,3.6,2.1,0.0,0.0,1.5,--
63805889028811,2.2,0.8,0.0,0.0,1.5,--
63805889029819,2.0,0.5,0.0,0.0,1.5,--
63805889030820,2.0,0.5,0.0,0.0,1.5,--
63805889031824,2.6,1.1,0.0,0.0,1.5,--
63805889032815,2.0,0.5,0.0,0.0,1.5,--
63805889033827,2.0,0.5,0.0,0.0,1.5,--
63805889034829,2.0,0.6,0.0,0.0,1.5,--
63805889035826,2.1,0.6,0.0,0.0,1.5,--
63805889036818,3.1,1.6,0.0,0.0,1.5,--
63805889037824,2.0,0.6,0.0,0.0,1.5,--
63805889038823,2.2,0.7,0.0,0.0,1.5,--
63805889039821,1.8,0.3,0.0,0.0,1.5,--
63805889040820,1.8,0.4,0.0,0.0,1.5,--
63805889041821,1.8,0.3,0.0,0.0,1.5,--
63805889042825,2.9,1.4,0.0,0.0,1.5,--
63805889043842,1.7,0.2,0.0,0.0,1.5,--
63805889044851,1.8,0.3,0.0,0.0,1.5,--
63805889045851,1.8,0.4,0.0,0.0,1.5,--
63805889046860,2.9,1.4,0.0,0.0,1.5,--
63805889047873,3.9,2.4,0.0,0.0,1.5,--
63805889048867,2.1,0.6,0.0,0.0,1.5,--
63805889049864,2.1,0.6,0.0,0.0,1.5,--
63805889050869,2.8,1.3,0.0,0.0,1.5,--
63805889051871,2.9,1.4,0.0,0.0,1.5,--
63805889052875,3.3,1.8,0.0,0.0,1.5,--
63805889053865,2.6,1.1,0.0,0.0,1.5,--
63805889054862,2.0,0.5,0.0,0.0,1.5,--
63805889055862,3.3,1.7,0.0,0.1,1.5,--
63805889056874,2.9,1.3,0.0,0.1,1.5,--
63805889057870,3.2,1.7,0.0,0.0,1.5,--
63805889058873,2.3,0.8,0.0,0.0,1.5,--
63805889059891,2.4,0.9,0.0,0.0,1.5,--
63805889060907,2.3,0.9,0.0,0.0,1.5,--
63805889061922,2.3,0.9,0.0,0.0,1.5,--
63805889062936,3.4,1.9,0.0,0.0,1.5,--
63805889063944,4.5,3.0,0.0,0.0,1.5,--
63805889064942,1.7,0.3,0.0,0.0,1.5,--
63805889065952,4.3,2.8,0.0,0.0,1.5,--
63805889066955,4.9,3.5,0.0,0.0,1.5,--
63805889067979,4.1,2.6,0.0,0.0,1.5,--
63805889068984,2.0,0.5,0.0,0.0,1.5,--
63805889070000,2.2,0.7,0.0,0.0,1.5,--
63805889071020,2.9,1.4,0.0,0.0,1.5,--
63805889072020,2.1,0.6,0.0,0.0,1.5,--
63805889073020,2.8,1.3,0.0,0.0,1.5,--
63805889074032,2.9,1.5,0.0,0.0,1.5,--
63805889075062,2.0,0.6,0.0,0.0,1.5,--
63805889076079,3.4,2.0,0.0,0.0,1.5,--
63805889077080,2.5,1.1,0.0,0.0,1.5,--
63805889078095,3.1,1.7,0.0,0.0,1.5,--
63805889079126,5.2,3.7,0.0,0.0,1.5,--
63805889080146,5.0,3.5,0.0,0.0,1.5,--
63805889081147,2.7,1.2,0.0,0.0,1.5,--
63805889082144,2.0,0.5,0.0,0.0,1.5,--
63805889083155,6.4,4.9,0.0,0.0,1.5,--
63805889084151,2.7,1.2,0.0,0.0,1.5,--
63805889085144,2.4,0.9,0.0,0.0,1.5,--
63805889086156,2.4,0.9,0.0,0.0,1.5,--
63805889087150,2.1,0.6,0.0,0.0,1.5,--
63805889088147,2.7,1.2,0.0,0.0,1.5,--
63805889089145,1.9,0.4,0.0,0.0,1.5,--
63805889090171,2.5,1.0,0.0,0.0,1.5,--
63805889091170,2.2,0.7,0.0,0.0,1.5,--
63805889092184,2.4,1.0,0.0,0.0,1.5,--
63805889093199,3.1,1.6,0.0,0.0,1.5,--
63805889094199,2.3,0.8,0.0,0.0,1.5,--
63805889095198,2.3,0.8,0.0,0.0,1.5,--
63805889096197,1.9,0.4,0.0,0.0,1.5,--
63805889097193,1.7,0.2,0.0,0.0,1.5,--
63805889098205,3.0,1.5,0.0,0.0,1.5,--
63805889099223,2.5,1.1,0.0,0.0,1.5,--
63805889100249,3.0,1.5,0.0,0.0,1.5,--
63805889101239,4.2,2.7,0.0,0.0,1.5,--
63805889102237,3.6,1.8,0.0,0.3,1.5,--
63805889103259,3.0,1.5,0.0,0.0,1.5,--
63805889104253,6.2,4.7,0.0,0.0,1.5,--
63805889105253,3.5,1.9,0.0,0.1,1.5,--
63805889106267,5.2,3.0,0.0,0.6,1.5,--
63805889107275,3.0,1.2,0.0,0.4,1.5,--
63805889108275,3.1,1.1,0.0,0.5,1.5,--
63805889109269,4.4,2.7,0.0,0.2,1.5,--
63805889110269,2.2,0.7,0.0,0.0,1.5,--
63805889111269,3.1,1.6,0.0,0.0,1.5,--
63805889112270,2.3,0.9,0.0,0.0,1.5,--
63805889113285,2.4,1.0,0.0,0.0,1.5,--
63805889114297,3.2,1.7,0.0,0.0,1.5,--
63805889115310,2.2,0.7,0.0,0.0,1.5,--
63805889116326,4.4,2.9,0.0,0.0,1.5,--
63805889117317,2.9,1.4,0.0,0.0,1.5,--
63805889118322,2.3,0.7,0.0,0.1,1.5,--
63805889119342,5.5,4.0,0.0,0.0,1.5,--
63805889120355,2.4,0.9,0.0,0.0,1.5,--
63805889121367,1.7,0.2,0.0,0.0,1.5,--
63805889122378,1.7,0.3,0.0,0.0,1.5,--
63805889123393,2.0,0.6,0.0,0.0,1.5,--
63805889124396,2.8,1.3,0.0,0.0,1.5,--
63805889125394,3.2,1.5,0.0,0.2,1.5,--
63805889126416,4.1,1.5,0.0,1.2,1.5,--
63805889127420,3.8,1.8,0.0,0.5,1.5,--
63805889128437,3.8,2.2,0.0,0.1,1.5,--
63805889129440,5.1,3.6,0.0,0.1,1.5,--
63805889130449,3.2,1.6,0.0,0.1,1.5,--
63805889131456,4.3,1.4,0.0,1.4,1.5,--
63805889132461,4.8,2.5,0.0,0.8,1.5,--
63805889133467,3.8,2.3,0.0,0.0,1.5,--
63805889134461,5.6,4.0,0.0,0.1,1.5,--
63805889135463,4.8,3.2,0.0,0.1,1.5,--
63805889136456,4.1,2.6,0.0,0.0,1.5,--
63805889137467,4.0,2.4,0.0,0.1,1.5,--
63805889138467,2.0,0.5,0.0,0.0,1.5,--
63805889139482,3.2,1.8,0.0,0.0,1.5,--
63805889140480,1.9,0.5,0.0,0.0,1.5,--
63805889141499,1.9,0.5,0.0,0.0,1.5,--
63805889142500,1.9,0.4,0.0,0.0,1.5,--
63805889143502,1.7,0.3,0.0,0.0,1.5,--
63805889144520,2.4,0.9,0.0,0.0,1.5,--
63805889145523,1.9,0.4,0.0,0.0,1.5,--
63805889146522,1.7,0.2,0.0,0.0,1.5,--
63805889147523,1.6,0.2,0.0,0.0,1.5,--
63805889148535,1.8,0.3,0.0,0.0,1.5,--
63805889149543,2.5,1.0,0.0,0.0,1.5,--
63805889150562,1.9,0.4,0.0,0.0,1.5,--
63805889151575,1.8,0.3,0.0,0.0,1.5,--
63805889152587,1.8,0.3,0.0,0.0,1.5,--
63805889153600,1.6,0.1,0.0,0.0,1.5,--
63805889154612,4.0,2.5,0.0,0.0,1.5,--
63805889155628,3.2,1.7,0.0,0.0,1.5,--
63805889156627,2.1,0.6,0.0,0.0,1.5,--
63805889157647,2.1,0.6,0.0,0.0,1.5,--
63805889158658,2.2,0.7,0.0,0.0,1.5,--
63805889159659,2.5,1.0,0.0,0.0,1.5,--
63805889160681,2.5,1.0,0.0,0.0,1.5,--
63805889161694,1.8,0.4,0.0,0.0,1.5,--
63805889162692,2.9,1.5,0.0,0.0,1.5,--
63805889163698,2.1,0.6,0.0,0.0,1.5,--
63805889164695,1.9,0.5,0.0,0.0,1.5,--
63805889165691,2.7,1.2,0.0,0.0,1.5,--
63805889166692,1.9,0.4,0.0,0.0,1.5,--
63805889167697,2.5,1.0,0.0,0.0,1.5,--
63805889168692,2.5,1.0,0.0,0.0,1.5,--
63805889169692,3.8,2.4,0.0,0.0,1.5,--
63805889170706,3.0,1.5,0.0,0.0,1.5,--
63805889171715,2.3,0.8,0.0,0.0,1.5,--
63805889172712,2.2,0.7,0.0,0.0,1.5,--
63805889173720,3.7,2.2,0.0,0.0,1.5,--
63805889174736,2.8,1.4,0.0,0.0,1.5,--
63805889175752,3.1,1.6,0.0,0.0,1.5,--
63805889176761,3.8,2.3,0.0,0.0,1.5,--
63805889177776,4.3,2.8,0.0,0.0,1.5,--
63805889178776,1.9,0.4,0.0,0.0,1.5,--
63805889179775,2.0,0.5,0.0,0.0,1.5,--
63805889180776,6.9,5.4,0.0,0.0,1.5,--
63805889181776,3.0,1.5,0.0,0.0,1.5,--
63805889182777,2.2,0.7,0.0,0.0,1.5,--
63805889183793,2.2,0.7,0.0,0.0,1.5,--
63805889184805,4.3,2.8,0.0,0.0,1.5,--
63805889185804,3.7,2.2,0.0,0.0,1.5,--
63805889186816,3.3,1.8,0.0,0.0,1.5,--
63805889187842,2.2,0.7,0.0,0.0,1.5,--
63805889188843,2.6,1.1,0.0,0.0,1.5,--
63805889189840,2.7,1.3,0.0,0.0,1.5,--
63805889190833,3.6,2.1,0.0,0.0,1.5,--
63805889191849,2.2,0.8,0.0,0.0,1.5,--
63805889192876,2.2,0.7,0.0,0.0,1.5,--
63805889193894,2.6,1.2,0.0,0.0,1.5,--
63805889194911,2.5,1.0,0.0,0.0,1.5,--
63805889195921,3.4,1.9,0.0,0.0,1.5,--
63805889196925,2.0,0.6,0.0,0.0,1.5,--
63805889197941,2.1,0.6,0.0,0.0,1.5,--
63805889198958,2.9,1.4,0.0,0.0,1.5,--
63805889199985,2.9,1.4,0.0,0.0,1.5,--
63805889200998,3.7,2.2,0.0,0.0,1.5,--
63805889201998,2.1,0.6,0.0,0.0,1.5,--
63805889202998,1.8,0.3,0.0,0.0,1.5,--
63805889204004,1.9,0.5,0.0,0.0,1.5,--
63805889205025,2.3,0.8,0.0,0.0,1.5,--
63805889206034,2.7,1.2,0.0,0.0,1.5,--
63805889207050,2.8,1.3,0.0,0.0,1.5,--
63805889208069,3.6,2.2,0.0,0.0,1.5,--
63805889209082,3.3,1.8,0.0,0.0,1.5,--
63805889210086,3.8,2.3,0.0,0.0,1.5,--
63805889211089,3.3,1.9,0.0,0.0,1.5,--
63805889212105,2.7,1.2,0.0,0.0,1.5,--
63805889213120,2.6,1.1,0.0,0.0,1.5,--
63805889214133,1.8,0.3,0.0,0.0,1.5,--
63805889215139,2.6,1.1,0.0,0.0,1.5,--
63805889216152,3.1,1.6,0.0,0.0,1.5,--
63805889217150,2.0,0.5,0.0,0.0,1.5,--
63805889218147,1.9,0.4,0.0,0.0,1.5,--
63805889219155,2.4,1.0,0.0,0.0,1.5,--
63805889220158,2.7,1.2,0.0,0.0,1.5,--
63805889221174,2.8,1.3,0.0,0.0,1.5,--
63805889222190,2.7,1.2,0.0,0.0,1.5,--
63805889223200,2.2,0.7,0.0,0.0,1.5,--
63805889224205,2.0,0.5,0.0,0.0,1.5,--
63805889225223,1.7,0.2,0.0,0.0,1.5,--
63805889226224,2.3,0.8,0.0,0.0,1.5,--
63805889227248,2.6,1.1,0.0,0.0,1.5,--
63805889228246,1.7,0.2,0.0,0.0,1.5,--
63805889229248,1.8,0.3,0.0,0.0,1.5,--
63805889230239,1.9,0.4,0.0,0.0,1.5,--
63805889231243,1.7,0.2,0.0,0.0,1.5,--
63805889232256,2.5,1.0,0.0,0.0,1.5,--
63805889233284,2.7,1.2,0.0,0.0,1.5,--
63805889234298,2.2,0.7,0.0,0.0,1.5,--
63805889235328,2.3,0.9,0.0,0.0,1.5,--
63805889236326,2.2,0.7,0.0,0.0,1.5,--
63805889237323,2.9,1.4,0.0,0.0,1.5,--
63805889238322,3.6,2.1,0.0,0.0,1.5,--
63805889239324,4.1,2.7,0.0,0.0,1.5,--
63805889240321,3.4,1.9,0.0,0.0,1.5,--
63805889241320,2.9,1.4,0.0,0.0,1.5,--
63805889242326,4.7,3.2,0.0,0.0,1.5,--
63805889243324,1.8,0.4,0.0,0.0,1.5,--
63805889244325,1.7,0.2,0.0,0.0,1.5,--
63805889245333,1.7,0.2,0.0,0.0,1.5,--
63805889246336,1.8,0.3,0.0,0.0,1.5,--
63805889247337,2.6,1.1,0.0,0.0,1.5,--
63805889248343,1.8,0.3,0.0,0.0,1.5,--
63805889249349,1.7,0.2,0.0,0.0,1.5,--
63805889250379,2.0,0.5,0.0,0.0,1.5,--
63805889251380,1.7,0.2,0.0,0.0,1.5,--
63805889252384,2.7,1.3,0.0,0.0,1.5,--
63805889253387,1.7,0.2,0.0,0.0,1.5,--
63805889254399,1.7,0.3,0.0,0.0,1.5,--
63805889255400,1.7,0.2,0.0,0.0,1.5,--
63805889256415,2.0,0.5,0.0,0.0,1.5,--
63805889257411,2.4,0.9,0.0,0.0,1.5,--
63805889258412,2.3,0.8,0.0,0.0,1.5,--
63805889259427,1.7,0.2,0.0,0.0,1.5,--
63805889260426,2.0,0.6,0.0,0.0,1.5,--
63805889261451,1.9,0.4,0.0,0.0,1.5,--
63805889262454,2.6,1.1,0.0,0.0,1.5,--
63805889263482,1.7,0.2,0.0,0.0,1.5,--
63805889264499,2.0,0.5,0.0,0.0,1.5,--
63805889265532,2.2,0.7,0.0,0.0,1.5,--
63805889266542,2.0,0.5,0.0,0.0,1.5,--
63805889267541,4.3,2.8,0.0,0.0,1.5,--
63805889268539,4.2,2.7,0.0,0.0,1.5,--
63805889269550,2.6,1.1,0.0,0.0,1.5,--
63805889270580,3.9,2.4,0.0,0.0,1.5,--
63805889271599,4.5,2.9,0.0,0.0,1.5,--
63805889272625,4.4,2.8,0.0,0.1,1.5,--
63805889273622,4.1,2.6,0.0,0.0,1.5,--
63805889274618,2.3,0.8,0.0,0.0,1.5,--
63805889275631,2.1,0.6,0.0,0.0,1.5,--
63805889276635,1.6,0.1,0.0,0.0,1.5,--
63805889277641,2.2,0.7,0.0,0.0,1.5,--
63805889278658,3.2,1.7,0.0,0.0,1.5,--
63805889279675,2.5,1.0,0.0,0.0,1.5,--
63805889280697,2.9,1.5,0.0,0.0,1.5,--
63805889281692,3.1,1.5,0.0,0.1,1.5,--
63805889282707,6.3,4.7,0.0,0.1,1.5,--
63805889283719,9.2,7.2,0.0,0.5,1.5,--
63805889284751,5.4,3.9,0.0,0.0,1.5,--
63805889285778,5.8,4.3,0.0,0.0,1.5,--
63805889286779,2.4,0.8,0.0,0.1,1.5,--
63805889287773,2.1,0.6,0.0,0.0,1.5,--
63805889288784,3.9,2.4,0.0,0.0,1.5,--
63805889289799,2.4,0.9,0.0,0.0,1.5,--
63805889290814,4.2,1.0,0.0,1.7,1.5,--
63805889291838,2.8,1.3,0.0,0.0,1.5,--
63805889292857,2.4,0.9,0.0,0.0,1.5,--
63805889293858,3.3,1.8,0.0,0.0,1.5,--
63805889294860,3.0,1.5,0.0,0.0,1.5,--
63805889295874,2.8,1.3,0.0,0.0,1.5,--
63805889296884,4.5,3.0,0.0,0.1,1.5,--
63805889297895,5.4,3.9,0.0,0.0,1.5,--
63805889298904,4.6,3.1,0.0,0.0,1.5,--
63805889299917,2.6,1.1,0.0,0.0,1.5,--
63805889300917,1.9,0.4,0.0,0.0,1.5,--
63805889301932,2.1,0.6,0.0,0.0,1.5,--
63805889302955,2.2,0.7,0.0,0.0,1.5,--
63805889303970,3.2,1.4,0.0,0.3,1.5,--
63805889304988,2.6,1.1,0.0,0.0,1.5,--
63805889306013,4.1,2.6,0.0,0.0,1.5,--
63805889307021,3.0,1.5,0.0,0.0,1.5,--
63805889308033,4.0,2.6,0.0,0.0,1.5,--
63805889309060,2.2,0.7,0.0,0.0,1.5,--
63805889310076,2.1,0.7,0.0,0.0,1.5,--
63805889311079,2.0,0.5,0.0,0.0,1.5,--
63805889312095,1.9,0.4,0.0,0.0,1.5,--
63805889313118,2.3,0.8,0.0,0.0,1.5,--
63805889314115,1.7,0.2,0.0,0.0,1.5,--
63805889315117,1.8,0.3,0.0,0.0,1.5,--
63805889316137,2.0,0.5,0.0,0.0,1.5,--
63805889317157,1.9,0.4,0.0,0.0,1.5,--
63805889318191,1.9,0.5,0.0,0.0,1.5,--
63805889319200,2.1,0.6,0.0,0.0,1.5,--
63805889320199,1.9,0.4,0.0,0.0,1.5,--
63805889321196,2.4,0.9,0.0,0.0,1.5,--
63805889322202,2.5,1.0,0.0,0.0,1.5,--
63805889323200,2.1,0.7,0.0,0.0,1.5,--
63805889324213,1.7,0.3,0.0,0.0,1.5,--
63805889325213,1.7,0.2,0.0,0.0,1.5,--
63805889326234,1.7,0.2,0.0,0.0,1.5,--
63805889327249,2.1,0.6,0.0,0.0,1.5,--
63805889328266,2.2,0.7,0.0,0.0,1.5,--
63805889329277,3.1,1.6,0.0,0.0,1.5,--
63805889330280,2.9,1.5,0.0,0.0,1.5,--
63805889331279,2.2,0.7,0.0,0.0,1.5,--
63805889332280,2.1,0.6,0.0,0.0,1.5,--
63805889333282,1.8,0.4,0.0,0.0,1.5,--
63805889334287,1.8,0.3,0.0,0.0,1.5,--
63805889335286,1.7,0.2,0.0,0.0,1.5,--
63805889336303,1.9,0.4,0.0,0.0,1.5,--
63805889337315,2.2,0.8,0.0,0.0,1.5,--
63805889338325,2.5,1.0,0.0,0.0,1.5,--
63805889339331,2.4,1.0,0.0,0.0,1.5,--
63805889340354,3.0,1.5,0.0,0.0,1.5,--
63805889341371,2.1,0.6,0.0,0.0,1.5,--
63805889342375,3.2,1.8,0.0,0.0,1.5,--
63805889343389,3.3,1.8,0.0,0.0,1.5,--
63805889344401,2.1,0.7,0.0,0.0,1.5,--
63805889345408,3.0,1.5,0.0,0.0,1.5,--
63805889346424,2.5,1.1,0.0,0.0,1.5,--
63805889347438,2.2,0.7,0.0,0.0,1.5,--
63805889348449,2.0,0.5,0.0,0.0,1.5,--
63805889349450,1.8,0.4,0.0,0.0,1.5,--
63805889350453,2.0,0.6,0.0,0.0,1.5,--
63805889351456,2.0,0.6,0.0,0.0,1.5,--
63805889352474,2.0,0.5,0.0,0.0,1.5,--
63805889353477,3.4,1.9,0.0,0.0,1.5,--
63805889354477,1.9,0.4,0.0,0.0,1.5,--
63805889355486,2.1,0.6,0.0,0.0,1.5,--
63805889356498,2.5,1.1,0.0,0.0,1.5,--
63805889357501,3.3,1.8,0.0,0.0,1.5,--
63805889358532,2.6,1.1,0.0,0.0,1.5,--
63805889359536,2.1,0.6,0.0,0.0,1.5,--
63805889360545,4.0,2.4,0.0,0.1,1.5,--
63805889361559,4.3,2.8,0.0,0.0,1.5,--
63805889362575,5.0,3.6,0.0,0.0,1.5,--
63805889363577,1.9,0.4,0.0,0.0,1.5,--
63805889364573,2.2,0.7,0.0,0.0,1.5,--
63805889365571,1.7,0.3,0.0,0.0,1.5,--
63805889366571,3.3,1.9,0.0,0.0,1.5,--
63805889367569,2.2,0.7,0.0,0.0,1.5,--
63805889368566,3.0,1.5,0.0,0.0,1.5,--
63805889369580,3.6,2.1,0.0,0.0,1.5,--
63805889370595,4.1,2.6,0.0,0.0,1.5,--
63805889371612,3.4,1.9,0.0,0.0,1.5,--
63805889372643,2.3,0.8,0.0,0.0,1.5,--
63805889373654,1.8,0.4,0.0,0.0,1.5,--
63805889374655,5.5,4.0,0.0,0.0,1.5,--
63805889375666,2.4,0.9,0.0,0.0,1.5,--
63805889376685,2.1,0.6,0.0,0.0,1.5,--
63805889377699,1.7,0.3,0.0,0.0,1.5,--
63805889378718,2.0,0.5,0.0,0.0,1.5,--
63805889379719,2.0,0.5,0.0,0.0,1.5,--
63805889380722,1.7,0.2,0.0,0.0,1.5,--
63805889381752,2.6,1.1,0.0,0.0,1.5,--
63805889382760,4.0,2.5,0.0,0.0,1.5,--
63805889383779,3.4,1.9,0.0,0.0,1.5,--
63805889384773,3.8,2.3,0.0,0.0,1.5,--
63805889385774,2.9,1.4,0.0,0.0,1.5,--
63805889386773,1.7,0.2,0.0,0.0,1.5,--
63805889387775,1.7,0.2,0.0,0.0,1.5,--
63805889388782,5.2,3.8,0.0,0.0,1.5,--
63805889389796,6.1,4.6,0.0,0.0,1.5,--
63805889390792,2.5,1.0,0.0,0.0,1.5,--
63805889391791,1.9,0.5,0.0,0.0,1.5,--
63805889392805,2.2,0.7,0.0,0.0,1.5,--
63805889393829,4.4,2.9,0.0,0.0,1.5,--
63805889394855,3.8,2.3,0.0,0.0,1.5,--
63805889395846,3.7,2.2,0.0,0.0,1.5,--
63805889396864,3.7,2.2,0.0,0.0,1.5,--
63805889397876,2.2,0.8,0.0,0.0,1.5,--
63805889398889,2.3,0.8,0.0,0.0,1.5,--
63805889399892,2.9,1.4,0.0,0.0,1.5,--
63805889400907,3.1,1.6,0.0,0.0,1.5,--
63805889401921,3.2,1.7,0.0,0.0,1.5,--
63805889402935,2.1,0.6,0.0,0.0,1.5,--
63805889403950,1.7,0.3,0.0,0.0,1.5,--
63805889404955,2.0,0.5,0.0,0.0,1.5,--
63805889405972,2.2,0.8,0.0,0.0,1.5,--
63805889407001,2.2,0.7,0.0,0.0,1.5,--
63805889408016,1.8,0.3,0.0,0.0,1.5,--
63805889409032,1.9,0.4,0.0,0.0,1.5,--
63805889410057,2.3,0.8,0.0,0.0,1.5,--
63805889411072,1.8,0.4,0.0,0.0,1.5,--
63805889412075,1.8,0.3,0.0,0.0,1.5,--
63805889413071,1.7,0.2,0.0,0.0,1.5,--
63805889414071,1.9,0.4,0.0,0.0,1.5,--
63805889415070,2.4,0.9,0.0,0.0,1.5,--
63805889416071,2.5,1.0,0.0,0.0,1.5,--
63805889417077,2.1,0.6,0.0,0.0,1.5,--
63805889418083,2.1,0.6,0.0,0.0,1.5,--
63805889419084,2.1,0.6,0.0,0.0,1.5,--
63805889420091,2.7,1.2,0.0,0.0,1.5,--
63805889421103,2.6,1.1,0.0,0.0,1.5,--
63805889422104,3.2,1.7,0.0,0.0,1.5,--
63805889423122,2.0,0.6,0.0,0.0,1.5,--
63805889424137,1.8,0.4,0.0,0.0,1.5,--
63805889425135,1.7,0.2,0.0,0.0,1.5,--
63805889426128,1.6,0.2,0.0,0.0,1.5,--
63805889427133,1.8,0.4,0.0,0.0,1.5,--
63805889428131,1.8,0.3,0.0,0.0,1.5,--
63805889429131,1.7,0.2,0.0,0.0,1.5,--
63805889430133,1.7,0.2,0.0,0.0,1.5,--
63805889431133,1.8,0.3,0.0,0.0,1.5,--
63805889432146,1.8,0.3,0.0,0.0,1.5,--
63805889433146,1.8,0.3,0.0,0.0,1.5,--
63805889434150,1.8,0.3,0.0,0.0,1.5,--
63805889435147,1.8,0.3,0.0,0.0,1.5,--
63805889436143,1.8,0.4,0.0,0.0,1.5,--
63805889437159,2.0,0.5,0.0,0.0,1.5,--
63805889438171,1.9,0.4,0.0,0.0,1.5,--
63805889439173,2.0,0.5,0.0,0.0,1.5,--
63805889440199,1.6,0.1,0.0,0.0,1.5,--
63805889441197,1.7,0.3,0.0,0.0,1.5,--
63805889442192,1.7,0.3,0.0,0.0,1.5,--
63805889443193,1.6,0.2,0.0,0.0,1.5,--
63805889444206,2.2,0.7,0.0,0.0,1.5,--
63805889445221,1.8,0.3,0.0,0.0,1.5,--
63805889446250,2.0,0.5,0.0,0.0,1.5,--
63805889447243,1.8,0.3,0.0,0.0,1.5,--
63805889448243,1.7,0.2,0.0,0.0,1.5,--
63805889449267,2.0,0.5,0.0,0.0,1.5,--
63805889450282,2.0,0.5,0.0,0.0,1.5,--
63805889451276,2.0,0.5,0.0,0.0,1.5,--
63805889452275,2.3,0.9,0.0,0.0,1.5,--
63805889453272,1.8,0.3,0.0,0.0,1.5,--
63805889454271,1.7,0.2,0.0,0.0,1.5,--
63805889455277,1.7,0.2,0.0,0.0,1.5,--
63805889456291,1.7,0.3,0.0,0.0,1.5,--
63805889457286,1.7,0.2,0.0,0.0,1.5,--
63805889458287,1.7,0.2,0.0,0.0,1.5,--
63805889459301,2.0,0.5,0.0,0.0,1.5,--
63805889460301,1.7,0.2,0.0,0.0,1.5,--
63805889461331,1.9,0.4,0.0,0.0,1.5,--
63805889462346,2.2,0.7,0.0,0.0,1.5,--
63805889463361,1.9,0.4,0.0,0.0,1.5,--
63805889464374,1.9,0.4,0.0,0.0,1.5,--
63805889465375,1.9,0.5,0.0,0.0,1.5,--
63805889466382,1.8,0.3,0.0,0.0,1.5,--
63805889467396,1.9,0.4,0.0,0.0,1.5,--
63805889468421,1.9,0.4,0.0,0.0,1.5,--
63805889469440,1.7,0.2,0.0,0.0,1.5,--
63805889470455,2.1,0.6,0.0,0.0,1.5,--
63805889471470,2.2,0.7,0.0,0.0,1.5,--
63805889472500,1.7,0.2,0.0,0.0,1.5,--
63805889473501,2.1,0.6,0.0,0.0,1.5,--
63805889474527,2.9,1.4,0.0,0.0,1.5,--
63805889475528,1.7,0.2,0.0,0.0,1.5,--
63805889476539,1.7,0.2,0.0,0.0,1.5,--
63805889477537,1.7,0.2,0.0,0.0,1.5,--
63805889478539,1.7,0.2,0.0,0.0,1.5,--
63805889479553,1.7,0.2,0.0,0.0,1.5,--
63805889480568,1.7,0.2,0.0,0.0,1.5,--
63805889481584,1.8,0.3,0.0,0.0,1.5,--
63805889482600,1.7,0.2,0.0,0.0,1.5,--
63805889483602,1.7,0.3,0.0,0.0,1.5,--
63805889484614,1.9,0.4,0.0,0.0,1.5,--
63805889485628,2.5,1.0,0.0,0.0,1.5,--
63805889486648,2.9,1.1,0.0,0.4,1.5,--
63805889487651,2.0,0.5,0.0,0.0,1.5,--
63805889488652,1.8,0.3,0.0,0.0,1.5,--
63805889489650,1.8,0.4,0.0,0.0,1.5,--
63805889490648,1.6,0.1,0.0,0.0,1.5,--
63805889491650,1.8,0.3,0.0,0.0,1.5,--
63805889492647,1.9,0.4,0.0,0.0,1.5,--
63805889493676,1.7,0.2,0.0,0.0,1.5,--
63805889494694,1.8,0.4,0.0,0.0,1.5,--
63805889495701,1.8,0.4,0.0,0.0,1.5,--
63805889496700,2.0,0.5,0.0,0.0,1.5,--
63805889497714,2.4,0.9,0.0,0.0,1.5,--
63805889498733,2.4,0.9,0.0,0.0,1.5,--
63805889499741,1.8,0.3,0.0,0.0,1.5,--
63805889500768,2.5,1.1,0.0,0.0,1.5,--
63805889501780,2.0,0.5,0.0,0.0,1.5,--
63805889502777,4.8,3.3,0.0,0.0,1.5,--
63805889503779,2.7,1.3,0.0,0.0,1.5,--
63805889504775,2.2,0.7,0.0,0.0,1.5,--
63805889505780,1.9,0.4,0.0,0.0,1.5,--
63805889506790,2.0,0.5,0.0,0.0,1.5,--
63805889507812,2.4,0.9,0.0,0.0,1.5,--
63805889508818,1.7,0.2,0.0,0.0,1.5,--
63805889509835,1.9,0.4,0.0,0.0,1.5,--
63805889510849,1.7,0.3,0.0,0.0,1.5,--
63805889511875,3.8,2.3,0.0,0.0,1.5,--
63805889512891,3.5,2.0,0.0,0.0,1.5,--
63805889513902,3.1,1.6,0.0,0.0,1.5,--
63805889514900,1.8,0.3,0.0,0.0,1.5,--
63805889515897,1.8,0.3,0.0,0.0,1.5,--
63805889516897,2.2,0.7,0.0,0.0,1.5,--
63805889517897,2.9,1.5,0.0,0.0,1.5,--
63805889518902,1.9,0.4,0.0,0.0,1.5,--
63805889519894,2.5,1.0,0.0,0.0,1.5,--
63805889520907,2.3,0.9,0.0,0.0,1.5,--
63805889521921,2.0,0.5,0.0,0.0,1.5,--
63805889522931,1.9,0.4,0.0,0.0,1.5,--
63805889523935,1.8,0.3,0.0,0.0,1.5,--
63805889524938,2.4,0.9,0.0,0.0,1.5,--
63805889525939,2.2,0.8,0.0,0.0,1.5,--
63805889526951,3.7,2.2,0.0,0.0,1.5,--
63805889527945,2.4,0.9,0.0,0.0,1.5,--
63805889528943,1.8,0.3,0.0,0.0,1.5,--
63805889529947,2.2,0.7,0.0,0.0,1.5,--
63805889530958,2.7,1.3,0.0,0.0,1.5,--
63805889531983,4.8,3.3,0.0,0.0,1.5,--
63805889532983,2.6,1.1,0.0,0.0,1.5,--
63805889533979,2.2,0.7,0.0,0.0,1.5,--
63805889534977,2.3,0.8,0.0,0.0,1.5,--
63805889535989,2.4,0.9,0.0,0.0,1.5,--
63805889537013,2.8,1.4,0.0,0.0,1.5,--
63805889538003,2.3,0.8,0.0,0.0,1.5,--
63805889539017,2.1,0.6,0.0,0.0,1.5,--
63805889540019,1.9,0.4,0.0,0.0,1.5,--
63805889541029,2.4,0.9,0.0,0.0,1.5,--
63805889542031,2.3,0.9,0.0,0.0,1.5,--
63805889543045,2.2,0.7,0.0,0.0,1.5,--
63805889544060,2.3,0.8,0.0,0.0,1.5,--
63805889545073,2.0,0.5,0.0,0.0,1.5,--
63805889546075,2.5,1.0,0.0,0.0,1.5,--
63805889547069,1.9,0.4,0.0,0.0,1.5,--
63805889548072,2.6,1.1,0.0,0.0,1.5,--
63805889549084,2.3,0.8,0.0,0.0,1.5,--
63805889550099,1.7,0.3,0.0,0.0,1.5,--
63805889551115,1.9,0.4,0.0,0.0,1.5,--
63805889552118,1.7,0.3,0.0,0.0,1.5,--
63805889553119,2.0,0.5,0.0,0.0,1.5,--
63805889554131,2.1,0.6,0.0,0.0,1.5,--
63805889555143,2.0,0.5,0.0,0.0,1.5,--
63805889556158,5.9,4.4,0.0,0.0,1.5,--
63805889557163,3.9,2.4,0.0,0.0,1.5,--
63805889558169,2.8,1.3,0.0,0.0,1.5,--
63805889559160,4.5,2.9,0.0,0.2,1.5,--
63805889560164,8.9,7.3,0.0,0.1,1.5,--
63805889561169,6.0,4.5,0.0,0.1,1.5,--
63805889562168,2.9,1.5,0.0,0.0,1.5,--
63805889563170,4.5,3.0,0.0,0.1,1.5,--
63805889564173,5.9,4.2,0.0,0.3,1.5,--
63805889565190,6.4,4.8,0.0,0.1,1.5,--
63805889566195,8.2,6.6,0.0,0.1,1.5,--
63805889567218,7.1,5.5,0.0,0.1,1.5,--
63805889568234,4.9,3.4,0.0,0.1,1.5,--
63805889569252,3.8,2.3,0.0,0.0,1.5,--
63805889570278,5.6,3.8,0.0,0.3,1.5,--
63805889571293,2.9,1.4,0.0,0.0,1.5,--
63805889572288,1.9,0.4,0.0,0.0,1.5,--
63805889573312,3.0,1.5,0.0,0.0,1.5,--
63805889574320,4.5,2.7,0.0,0.4,1.5,--
63805889575325,2.8,1.3,0.0,0.0,1.5,--
63805889576330,2.9,1.4,0.0,0.0,1.5,--
63805889577330,2.3,0.8,0.0,0.0,1.5,--
63805889578345,2.0,0.5,0.0,0.0,1.5,--
63805889579346,2.7,1.2,0.0,0.0,1.5,--
63805889580361,3.0,1.5,0.0,0.0,1.5,--
63805889581377,1.8,0.4,0.0,0.0,1.5,--
63805889582389,2.1,0.6,0.0,0.0,1.5,--
63805889583394,2.0,0.5,0.0,0.0,1.5,--
63805889584405,2.9,1.4,0.0,0.0,1.5,--
63805889585404,2.7,1.2,0.0,0.0,1.5,--
63805889586405,2.7,1.2,0.0,0.0,1.5,--
63805889587417,4.3,2.8,0.0,0.0,1.5,--
63805889588411,2.5,1.1,0.0,0.0,1.5,--
63805889589427,2.1,0.6,0.0,0.0,1.5,--
63805889590428,2.7,1.2,0.0,0.0,1.5,--
63805889591427,4.4,2.9,0.0,0.0,1.5,--
63805889592438,3.0,1.5,0.0,0.0,1.5,--
63805889593454,5.7,4.2,0.0,0.0,1.5,--
63805889594442,4.0,2.5,0.0,0.0,1.5,--
63805889595439,2.5,1.0,0.0,0.0,1.5,--
63805889596455,3.7,2.2,0.0,0.0,1.5,--
63805889597486,2.5,1.1,0.0,0.0,1.5,--
63805889598493,3.9,2.5,0.0,0.0,1.5,--
63805889599515,2.5,1.0,0.0,0.0,1.5,--
63805889600532,2.9,1.4,0.0,0.0,1.5,--
63805889601547,3.4,1.9,0.0,0.0,1.5,--
63805889602558,3.6,2.1,0.0,0.0,1.5,--
63805889603575,2.5,1.0,0.0,0.0,1.5,--
63805889604571,3.1,1.7,0.0,0.0,1.5,--
63805889605571,2.3,0.9,0.0,0.0,1.5,--
63805889606572,2.7,1.2,0.0,0.0,1.5,--
63805889607581,2.6,1.1,0.0,0.0,1.5,--
63805889608606,2.9,1.4,0.0,0.0,1.5,--
63805889609603,2.2,0.7,0.0,0.0,1.5,--
63805889610617,2.0,0.5,0.0,0.0,1.5,--
63805889611626,2.2,0.7,0.0,0.0,1.5,--
63805889612653,2.5,1.1,0.0,0.0,1.5,--
63805889613652,2.2,0.7,0.0,0.0,1.5,--
63805889614669,2.4,1.0,0.0,0.0,1.5,--
63805889615678,2.0,0.5,0.0,0.0,1.5,--
63805889616703,5.1,3.6,0.0,0.0,1.5,--
63805889617713,2.6,1.2,0.0,0.0,1.5,--
63805889618709,2.3,0.8,0.0,0.0,1.5,--
63805889619734,2.9,1.4,0.0,0.0,1.5,--
63805889620750,2.6,1.1,0.0,0.0,1.5,--
63805889621747,3.5,2.0,0.0,0.0,1.5,--
63805889622747,2.9,1.4,0.0,0.0,1.5,--
63805889623755,2.7,1.2,0.0,0.0,1.5,--
63805889624768,4.3,2.8,0.0,0.0,1.5,--
63805889625773,1.9,0.5,0.0,0.0,1.5,--
63805889626792,2.9,1.4,0.0,0.0,1.5,--
63805889627792,2.0,0.6,0.0,0.0,1.5,--
63805889628788,2.0,0.5,0.0,0.0,1.5,--
63805889629812,2.5,1.0,0.0,0.0,1.5,--
63805889630824,2.2,0.7,0.0,0.0,1.5,--
63805889631821,2.5,1.0,0.0,0.0,1.5,--
63805889632819,4.5,3.0,0.0,0.0,1.5,--
63805889633818,2.6,1.1,0.0,0.0,1.5,--
63805889634831,2.3,0.8,0.0,0.0,1.5,--
63805889635857,2.5,1.0,0.0,0.0,1.5,--
63805889636851,2.7,1.2,0.0,0.0,1.5,--
63805889637878,3.8,2.3,0.0,0.0,1.5,--
63805889638896,4.5,3.0,0.0,0.0,1.5,--
63805889639907,2.6,1.1,0.0,0.0,1.5,--
63805889640908,2.6,1.1,0.0,0.0,1.5,--
63805889641935,2.4,1.0,0.0,0.0,1.5,--
63805889642949,2.4,0.9,0.0,0.0,1.5,--
63805889643947,2.1,0.7,0.0,0.0,1.5,--
63805889644954,2.1,0.7,0.0,0.0,1.5,--
63805889645977,3.0,1.5,0.0,0.0,1.5,--
63805889646990,2.2,0.7,0.0,0.0,1.5,--
63805889647997,3.8,2.3,0.0,0.0,1.5,--
63805889649000,2.2,0.7,0.0,0.0,1.5,--
63805889650007,4.4,2.9,0.0,0.0,1.5,--
63805889651008,2.7,1.2,0.0,0.0,1.5,--
63805889652021,1.6,0.1,0.0,0.0,1.5,--
63805889653032,2.3,0.8,0.0,0.0,1.5,--
63805889654064,2.5,1.0,0.0,0.0,1.5,--
63805889655066,2.3,0.8,0.0,0.0,1.5,--
63805889656094,2.1,0.6,0.0,0.0,1.5,--
63805889657107,1.8,0.3,0.0,0.0,1.5,--
63805889658107,1.9,0.5,0.0,0.0,1.5,--
63805889659111,1.9,0.4,0.0,0.0,1.5,--
63805889660115,2.9,1.4,0.0,0.0,1.5,--
63805889661116,3.3,1.9,0.0,0.0,1.5,--
63805889662126,2.3,0.8,0.0,0.0,1.5,--
63805889663137,1.9,0.4,0.0,0.0,1.5,--
63805889664132,1.7,0.3,0.0,0.0,1.5,--
63805889665133,1.8,0.3,0.0,0.0,1.5,--
63805889666145,2.1,0.6,0.0,0.0,1.5,--
63805889667155,2.0,0.5,0.0,0.0,1.5,--
63805889668170,2.0,0.6,0.0,0.0,1.5,--
63805889669182,2.1,0.6,0.0,0.0,1.5,--
63805889670198,2.0,0.6,0.0,0.0,1.5,--
63805889671201,2.3,0.8,0.0,0.0,1.5,--
63805889672202,2.4,0.9,0.0,0.0,1.5,--
63805889673199,1.9,0.4,0.0,0.0,1.5,--
63805889674212,2.1,0.6,0.0,0.0,1.5,--
63805889675210,1.8,0.3,0.0,0.0,1.5,--
63805889676222,2.1,0.6,0.0,0.0,1.5,--
63805889677251,2.0,0.5,0.0,0.0,1.5,--
63805889678279,2.8,1.3,0.0,0.0,1.5,--
63805889679278,2.2,0.7,0.0,0.0,1.5,--
63805889680276,3.0,1.5,0.0,0.0,1.5,--
63805889681269,1.9,0.4,0.0,0.0,1.5,--
63805889682270,2.4,0.9,0.0,0.0,1.5,--
63805889683283,2.5,1.0,0.0,0.0,1.5,--
63805889684308,2.9,1.5,0.0,0.0,1.5,--
63805889685315,1.9,0.4,0.0,0.0,1.5,--
63805889686344,2.3,0.8,0.0,0.0,1.5,--
63805889687340,2.4,0.9,0.0,0.0,1.5,--
63805889688353,2.2,0.8,0.0,0.0,1.5,--
63805889689375,2.5,1.1,0.0,0.0,1.5,--
63805889690372,2.2,0.7,0.0,0.0,1.5,--
63805889691372,2.2,0.8,0.0,0.0,1.5,--
63805889692370,2.0,0.5,0.0,0.0,1.5,--
63805889693367,2.4,0.9,0.0,0.0,1.5,--
63805889694365,2.3,0.9,0.0,0.0,1.5,--
63805889695381,2.2,0.7,0.0,0.0,1.5,--
63805889696386,2.0,0.6,0.0,0.0,1.5,--
63805889697399,1.7,0.2,0.0,0.0,1.5,--
63805889698401,1.7,0.2,0.0,0.0,1.5,--
63805889699402,1.8,0.3,0.0,0.0,1.5,--
63805889700407,1.8,0.3,0.0,0.0,1.5,--
63805889701421,1.7,0.3,0.0,0.0,1.5,--
63805889702419,2.2,0.7,0.0,0.0,1.5,--
63805889703419,2.2,0.7,0.0,0.0,1.5,--
63805889704434,2.3,0.8,0.0,0.0,1.5,--
63805889705449,2.1,0.6,0.0,0.0,1.5,--
63805889706450,2.5,1.0,0.0,0.0,1.5,--
63805889707453,2.5,1.0,0.0,0.0,1.5,--
63805889708483,1.9,0.4,0.0,0.0,1.5,--
63805889709487,2.4,0.9,0.0,0.0,1.5,--
63805889710512,2.0,0.5,0.0,0.0,1.5,--
63805889711508,1.7,0.2,0.0,0.0,1.5,--
63805889712509,1.9,0.4,0.0,0.0,1.5,--
63805889713520,2.4,1.0,0.0,0.0,1.5,--
63805889714536,3.2,1.7,0.0,0.0,1.5,--
63805889715548,2.4,0.9,0.0,0.0,1.5,--
63805889716562,2.2,0.8,0.0,0.0,1.5,--
63805889717578,2.0,0.5,0.0,0.0,1.5,--
63805889718588,2.1,0.6,0.0,0.0,1.5,--
63805889719599,1.8,0.4,0.0,0.0,1.5,--
63805889720600,2.0,0.6,0.0,0.0,1.5,--
63805889721600,1.8,0.3,0.0,0.0,1.5,--
63805889722618,1.9,0.4,0.0,0.0,1.5,--
63805889723630,2.2,0.8,0.0,0.0,1.5,--
63805889724641,4.6,3.1,0.0,0.0,1.5,--
63805889725654,2.5,1.0,0.0,0.0,1.5,--
63805889726643,4.1,2.6,0.0,0.0,1.5,--
63805889727644,4.2,2.7,0.0,0.0,1.5,--
63805889728650,2.1,0.6,0.0,0.0,1.5,--
63805889729657,5.0,3.5,0.0,0.0,1.5,--
63805889730677,3.3,1.8,0.0,0.0,1.5,--
63805889731704,2.5,1.1,0.0,0.0,1.5,--
63805889732735,2.2,0.7,0.0,0.0,1.5,--
63805889733752,2.4,0.9,0.0,0.0,1.5,--
63805889734765,3.4,1.9,0.0,0.1,1.5,--
63805889735788,3.2,1.7,0.0,0.0,1.5,--
63805889736795,2.2,0.7,0.0,0.0,1.5,--
63805889737796,2.2,0.7,0.0,0.0,1.5,--
63805889738788,2.0,0.5,0.0,0.0,1.5,--
63805889739799,2.7,1.2,0.0,0.0,1.5,--
63805889740827,2.5,1.1,0.0,0.0,1.5,--
63805889741829,2.2,0.7,0.0,0.0,1.5,--
63805889742833,2.1,0.6,0.0,0.0,1.5,--
63805889743845,2.5,1.0,0.0,0.0,1.5,--
63805889744871,2.2,0.7,0.0,0.0,1.5,--
63805889745871,3.1,1.6,0.0,0.0,1.5,--
63805889746879,2.0,0.5,0.0,0.0,1.5,--
63805889747877,2.0,0.5,0.0,0.0,1.5,--
63805889748892,1.8,0.4,0.0,0.0,1.5,--
63805889749909,2.0,0.5,0.0,0.0,1.5,--
63805889750939,3.5,2.0,0.0,0.0,1.5,--
63805889751952,2.4,0.9,0.0,0.0,1.5,--
63805889752950,1.8,0.3,0.0,0.0,1.5,--
63805889753952,2.2,0.7,0.0,0.0,1.5,--
63805889754949,2.1,0.6,0.0,0.0,1.5,--
63805889755948,2.8,1.3,0.0,0.0,1.5,--
63805889756951,1.7,0.2,0.0,0.0,1.5,--
63805889757945,1.9,0.4,0.0,0.0,1.5,--
63805889758950,1.7,0.2,0.0,0.0,1.5,--
63805889759965,1.8,0.4,0.0,0.0,1.5,--
63805889760961,2.9,1.4,0.0,0.0,1.5,--
63805889761978,2.2,0.7,0.0,0.0,1.5,--
63805889762992,1.8,0.3,0.0,0.0,1.5,--
63805889763988,2.2,0.7,0.0,0.0,1.5,--
63805889764989,2.1,0.6,0.0,0.0,1.5,--
63805889765999,3.5,2.0,0.0,0.0,1.5,--
63805889766989,2.2,0.7,0.0,0.0,1.5,--
63805889767987,1.8,0.3,0.0,0.0,1.5,--
63805889769017,2.3,0.8,0.0,0.0,1.5,--
63805889770027,1.7,0.3,0.0,0.0,1.5,--
63805889771024,2.8,1.3,0.0,0.0,1.5,--
63805889772023,2.1,0.6,0.0,0.0,1.5,--
63805889773023,1.9,0.4,0.0,0.0,1.5,--
63805889774021,3.6,2.1,0.0,0.0,1.5,--
63805889775046,3.1,1.6,0.0,0.0,1.5,--
63805889776038,3.5,2.0,0.0,0.0,1.5,--
63805889777034,2.2,0.7,0.0,0.0,1.5,--
63805889778040,1.9,0.4,0.0,0.0,1.5,--
63805889779048,4.4,2.9,0.0,0.0,1.5,--
63805889780073,3.8,2.3,0.0,0.0,1.5,--
63805889781073,4.9,3.4,0.0,0.0,1.5,--
63805889782069,2.9,1.4,0.0,0.0,1.5,--
63805889783068,2.1,0.6,0.0,0.0,1.5,--
63805889784092,2.1,0.6,0.0,0.0,1.5,--
63805889785090,2.4,0.9,0.0,0.0,1.5,--
63805889786099,2.5,1.1,0.0,0.0,1.5,--
63805889787105,2.2,0.7,0.0,0.0,1.5,--
63805889788105,2.1,0.7,0.0,0.0,1.5,--
63805889789102,2.0,0.5,0.0,0.0,1.5,--
63805889790117,2.0,0.5,0.0,0.0,1.5,--
63805889791139,3.4,1.9,0.0,0.0,1.5,--
63805889792142,2.6,1.1,0.0,0.0,1.5,--
63805889793157,2.2,0.7,0.0,0.0,1.5,--
63805889794183,1.9,0.4,0.0,0.0,1.5,--
63805889795183,2.7,1.3,0.0,0.0,1.5,--
63805889796198,3.2,1.7,0.0,0.0,1.5,--
63805889797198,4.1,2.6,0.0,0.0,1.5,--
63805889798197,2.0,0.5,0.0,0.0,1.5,--
63805889799201,1.7,0.2,0.0,0.0,1.5,--
63805889800201,1.9,0.5,0.0,0.0,1.5,--
63805889801197,3.1,1.6,0.0,0.0,1.5,--
63805889802199,1.9,0.4,0.0,0.0,1.5,--
63805889803210,1.9,0.4,0.0,0.0,1.5,--
63805889804210,1.8,0.4,0.0,0.0,1.5,--
63805889805208,2.1,0.6,0.0,0.0,1.5,--
63805889806213,2.2,0.7,0.0,0.0,1.5,--
63805889807208,2.9,1.4,0.0,0.0,1.5,--
63805889808226,1.8,0.4,0.0,0.0,1.5,--
63805889809236,2.1,0.6,0.0,0.0,1.5,--
63805889810250,2.2,0.7,0.0,0.0,1.5,--
63805889811246,2.7,1.3,0.0,0.0,1.5,--
63805889812239,3.8,2.3,0.0,0.0,1.5,--
63805889813238,2.5,1.0,0.0,0.0,1.5,--
63805889814239,2.1,0.6,0.0,0.0,1.5,--
63805889815250,2.1,0.6,0.0,0.0,1.5,--
63805889816243,2.2,0.8,0.0,0.0,1.5,--
63805889817248,3.0,1.6,0.0,0.0,1.5,--
63805889818242,2.8,1.4,0.0,0.0,1.5,--
63805889819241,2.2,0.8,0.0,0.0,1.5,--
63805889820266,2.3,0.8,0.0,0.1,1.5,--
63805889821271,2.4,0.9,0.0,0.1,1.5,--
63805889822287,2.9,1.4,0.0,0.0,1.5,--
63805889823315,2.6,1.1,0.0,0.0,1.5,--
63805889824331,2.2,0.7,0.0,0.0,1.5,--
63805889825360,2.0,0.5,0.0,0.0,1.5,--
63805889826374,2.2,0.7,0.0,0.0,1.5,--
63805889827377,3.1,1.7,0.0,0.0,1.5,--
63805889828390,2.3,0.8,0.0,0.0,1.5,--
63805889829402,2.1,0.6,0.0,0.0,1.5,--
63805889830401,2.1,0.6,0.0,0.0,1.5,--
63805889831398,2.8,1.4,0.0,0.0,1.5,--
63805889832394,3.2,1.6,0.0,0.2,1.5,--
63805889833407,2.6,1.1,0.0,0.0,1.5,--
63805889834421,2.0,0.6,0.0,0.0,1.5,--
63805889835438,2.3,0.8,0.0,0.0,1.5,--
63805889836455,2.4,0.9,0.0,0.0,1.5,--
63805889837483,3.1,1.7,0.0,0.0,1.5,--
63805889838498,2.1,0.7,0.0,0.0,1.5,--
63805889839496,2.3,0.8,0.0,0.0,1.5,--
63805889840495,2.2,0.7,0.0,0.0,1.5,--
63805889841506,2.3,0.8,0.0,0.0,1.5,--
63805889842531,3.0,1.5,0.0,0.0,1.5,--
63805889843525,2.1,0.6,0.0,0.0,1.5,--
63805889844522,1.8,0.3,0.0,0.0,1.5,--
63805889845525,2.1,0.7,0.0,0.0,1.5,--
63805889846522,2.2,0.7,0.0,0.0,1.5,--
63805889847522,2.9,1.4,0.0,0.0,1.5,--
63805889848526,1.8,0.4,0.0,0.0,1.5,--
63805889849521,2.2,0.8,0.0,0.0,1.5,--
63805889850523,4.8,3.3,0.0,0.0,1.5,--
63805889851527,2.8,1.4,0.0,0.0,1.5,--
63805889852539,2.6,1.2,0.0,0.0,1.5,--
63805889853537,1.8,0.3,0.0,0.0,1.5,--
63805889854558,1.9,0.4,0.0,0.0,1.5,--
63805889855553,1.8,0.4,0.0,0.0,1.5,--
63805889856571,1.7,0.2,0.0,0.0,1.5,--
63805889857573,2.9,1.4,0.0,0.0,1.5,--
63805889858578,2.7,1.2,0.0,0.0,1.5,--
63805889859575,1.8,0.3,0.0,0.0,1.5,--
63805889860578,1.9,0.4,0.0,0.0,1.5,--
63805889861596,2.0,0.5,0.0,0.0,1.5,--
63805889862608,2.6,1.1,0.0,0.0,1.5,--
63805889863610,3.8,2.2,0.0,0.1,1.5,--
63805889864641,2.8,1.3,0.0,0.0,1.5,--
63805889865650,2.2,0.7,0.0,0.0,1.5,--
63805889866675,3.8,2.3,0.0,0.0,1.5,--
63805889867686,3.9,2.5,0.0,0.0,1.5,--
63805889868684,3.4,1.9,0.0,0.0,1.5,--
63805889869677,2.2,0.7,0.0,0.0,1.5,--
63805889870683,3.4,1.9,0.0,0.0,1.5,--
63805889871681,2.9,1.4,0.0,0.0,1.5,--
63805889872683,1.9,0.4,0.0,0.0,1.5,--
63805889873696,3.4,1.9,0.0,0.0,1.5,--
63805889874698,2.0,0.5,0.0,0.0,1.5,--
63805889875693,4.4,2.9,0.0,0.0,1.5,--
63805889876701,3.0,1.5,0.0,0.0,1.5,--
63805889877699,2.1,0.6,0.0,0.0,1.5,--
63805889878714,3.3,1.8,0.0,0.0,1.5,--
63805889879726,2.0,0.5,0.0,0.0,1.5,--
63805889880735,5.3,3.8,0.0,0.0,1.5,--
63805889881746,3.0,1.6,0.0,0.0,1.5,--
63805889882765,2.1,0.7,0.0,0.0,1.5,--
63805889883778,2.8,1.3,0.0,0.0,1.5,--
63805889884780,2.7,1.2,0.0,0.0,1.5,--
63805889885789,2.0,0.6,0.0,0.0,1.5,--
63805889886794,3.5,2.0,0.0,0.0,1.5,--
63805889887797,2.3,0.9,0.0,0.0,1.5,--
63805889888797,3.6,2.1,0.0,0.0,1.5,--
63805889889814,2.4,0.9,0.0,0.0,1.5,--
63805889890830,2.4,0.9,0.0,0.0,1.5,--
63805889891840,1.9,0.4,0.0,0.0,1.5,--
63805889892858,2.2,0.8,0.0,0.0,1.5,--
63805889893850,3.3,1.8,0.0,0.0,1.5,--
63805889894865,2.2,0.7,0.0,0.0,1.5,--
63805889895875,1.9,0.4,0.0,0.0,1.5,--
63805889896896,2.0,0.6,0.0,0.0,1.5,--
63805889897905,2.0,0.5,0.0,0.0,1.5,--
63805889898898,3.7,2.2,0.0,0.0,1.5,--
63805889899896,1.8,0.4,0.0,0.0,1.5,--
63805889900899,1.9,0.4,0.0,0.0,1.5,--
63805889901907,2.2,0.7,0.0,0.0,1.5,--
63805889902937,2.1,0.6,0.0,0.0,1.5,--
63805889903954,3.6,2.1,0.0,0.0,1.5,--
63805889904976,2.5,1.0,0.0,0.0,1.5,--
63805889905976,1.9,0.4,0.0,0.0,1.5,--
63805889906992,2.1,0.6,0.0,0.0,1.5,--
63805889907993,1.8,0.3,0.0,0.0,1.5,--
63805889908994,3.1,1.6,0.0,0.0,1.5,--
63805889910008,2.0,0.5,0.0,0.0,1.5,--
63805889911022,1.8,0.3,0.0,0.0,1.5,--
63805889912021,1.7,0.2,0.0,0.0,1.5,--
63805889913044,1.9,0.5,0.0,0.0,1.5,--
63805889914057,2.9,1.4,0.0,0.0,1.5,--
63805889915075,2.1,0.6,0.0,0.0,1.5,--
63805889916083,1.9,0.4,0.0,0.0,1.5,--
63805889917107,2.2,0.7,0.0,0.0,1.5,--
63805889918101,3.4,1.9,0.0,0.0,1.5,--
63805889919107,6.6,5.1,0.0,0.0,1.5,--
63805889920100,4.3,2.9,0.0,0.0,1.5,--
63805889921103,4.5,3.0,0.0,0.0,1.5,--
63805889922099,3.8,2.4,0.0,0.0,1.5,--
63805889923119,3.7,2.2,0.0,0.0,1.5,--
63805889924119,5.9,4.5,0.0,0.0,1.5,--
63805889925128,5.2,3.7,0.0,0.0,1.5,--
63805889926152,3.5,2.0,0.0,0.0,1.5,--
63805889927158,3.6,2.1,0.0,0.1,1.5,--
63805889928190,3.0,1.5,0.0,0.0,1.5,--
63805889929189,3.3,1.8,0.0,0.0,1.5,--
63805889930221,2.3,0.8,0.0,0.0,1.5,--
63805889931224,2.0,0.5,0.0,0.0,1.5,--
63805889932249,2.2,0.7,0.0,0.0,1.5,--
63805889933250,1.9,0.4,0.0,0.0,1.5,--
63805889934256,2.5,1.0,0.0,0.0,1.5,--
63805889935257,2.4,1.0,0.0,0.0,1.5,--
63805889936277,2.1,0.6,0.0,0.0,1.5,--
63805889937275,1.9,0.4,0.0,0.0,1.5,--
63805889938276,1.6,0.1,0.0,0.0,1.5,--
63805889939290,2.0,0.5,0.0,0.0,1.5,--
63805889940301,2.9,1.4,0.0,0.0,1.5,--
63805889941325,2.4,0.9,0.0,0.0,1.5,--
63805889942329,2.7,1.2,0.0,0.0,1.5,--
63805889943340,2.1,0.6,0.0,0.0,1.5,--
63805889944357,1.9,0.4,0.0,0.0,1.5,--
63805889945350,3.3,1.8,0.0,0.0,1.5,--
63805889946368,1.8,0.3,0.0,0.0,1.5,--
63805889947368,2.1,0.6,0.0,0.0,1.5,--
63805889948379,1.7,0.2,0.0,0.0,1.5,--
63805889949398,2.3,0.8,0.0,0.0,1.5,--
63805889950411,3.2,1.7,0.0,0.0,1.5,--
63805889951421,2.2,0.7,0.0,0.0,1.5,--
63805889952414,2.0,0.5,0.0,0.0,1.5,--
63805889953438,2.1,0.7,0.0,0.0,1.5,--
63805889954450,2.1,0.6,0.0,0.0,1.5,--
63805889955470,3.8,2.3,0.0,0.0,1.5,--
63805889956487,2.3,0.8,0.0,0.0,1.5,--
63805889957498,2.0,0.5,0.0,0.0,1.5,--
63805889958496,1.9,0.4,0.0,0.0,1.5,--
63805889959495,2.0,0.5,0.0,0.0,1.5,--
63805889960498,3.8,2.3,0.0,0.0,1.5,--
63805889961495,2.4,0.9,0.0,0.0,1.5,--
63805889962492,1.9,0.4,0.0,0.0,1.5,--
63805889963495,3.0,1.5,0.0,0.0,1.5,--
63805889964494,1.9,0.4,0.0,0.0,1.5,--
63805889965510,3.2,1.7,0.0,0.0,1.5,--
63805889966520,2.5,1.0,0.0,0.0,1.5,--
63805889967533,2.5,1.0,0.0,0.0,1.5,--
63805889968561,2.2,0.8,0.0,0.0,1.5,--
63805889969557,2.4,0.9,0.0,0.0,1.5,--
63805889970577,3.2,1.7,0.0,0.0,1.5,--
63805889971574,5.7,4.3,0.0,0.0,1.5,--
63805889972573,3.6,2.1,0.0,0.0,1.5,--
63805889973571,3.3,1.8,0.0,0.0,1.5,--
63805889974567,2.0,0.5,0.0,0.0,1.5,--
63805889975567,2.8,1.3,0.0,0.0,1.5,--
63805889976571,3.0,1.5,0.0,0.0,1.5,--
63805889977578,3.9,2.5,0.0,0.0,1.5,--
63805889978581,2.4,0.9,0.0,0.0,1.5,--
63805889979586,2.0,0.5,0.0,0.0,1.5,--
63805889980608,3.0,1.5,0.0,0.0,1.5,--
63805889981602,2.1,0.6,0.0,0.0,1.5,--
63805889982618,2.0,0.5,0.0,0.0,1.5,--
63805889983628,5.0,3.6,0.0,0.0,1.5,--
63805889984657,3.2,1.7,0.0,0.0,1.5,--
63805889985675,3.3,1.8,0.0,0.0,1.5,--
63805889986706,2.8,1.3,0.0,0.0,1.5,--
63805889987715,2.6,1.1,0.0,0.0,1.5,--
63805889988732,5.7,4.2,0.0,0.0,1.5,--
63805889989730,5.1,3.6,0.0,0.0,1.5,--
63805889990746,3.0,1.5,0.0,0.0,1.5,--
63805889991746,2.2,0.8,0.0,0.0,1.5,--
63805889992746,3.4,1.9,0.0,0.0,1.5,--
63805889993758,4.2,2.7,0.0,0.0,1.5,--
63805889994777,3.0,1.5,0.0,0.0,1.5,--
63805889995780,3.1,1.6,0.0,0.0,1.5,--
63805889996778,2.7,1.2,0.0,0.0,1.5,--
63805889997783,2.8,1.3,0.0,0.0,1.5,--
63805889998800,4.7,3.2,0.0,0.0,1.5,--
63805889999817,3.8,2.3,0.0,0.0,1.5,--
63805890000819,4.4,2.9,0.0,0.0,1.5,--
63805890001817,5.7,4.2,0.0,0.0,1.5,--
63805890002816,3.4,1.9,0.0,0.0,1.5,--
63805890003821,2.0,0.5,0.0,0.0,1.5,--
63805890004823,1.7,0.3,0.0,0.0,1.5,--
63805890005845,2.2,0.8,0.0,0.0,1.5,--
63805890006864,3.3,1.8,0.0,0.0,1.5,--
63805890007867,2.7,1.2,0.0,0.0,1.5,--
63805890008869,2.1,0.6,0.0,0.0,1.5,--
63805890009869,4.8,3.3,0.0,0.0,1.5,--
63805890010879,4.8,3.4,0.0,0.0,1.5,--
63805890011897,5.8,4.3,0.0,0.0,1.5,--
63805890012909,4.0,2.5,0.0,0.0,1.5,--
63805890013917,5.1,3.6,0.0,0.0,1.5,--
63805890014928,4.0,2.5,0.0,0.0,1.5,--
63805890015940,3.8,2.3,0.0,0.0,1.5,--
63805890016953,6.1,4.6,0.0,0.0,1.5,--
63805890017983,3.9,2.4,0.0,0.0,1.5,--
63805890018979,3.3,1.8,0.0,0.0,1.5,--
63805890019978,2.4,0.9,0.0,0.0,1.5,--
63805890020975,2.0,0.5,0.0,0.0,1.5,--
63805890021979,3.4,2.0,0.0,0.0,1.5,--
63805890022990,1.8,0.3,0.0,0.0,1.5,--
63805890023989,2.3,0.8,0.0,0.0,1.5,--
63805890024988,2.6,1.1,0.0,0.0,1.5,--
63805890026004,2.2,0.8,0.0,0.0,1.5,--
63805890027003,2.9,1.4,0.0,0.0,1.5,--
63805890028032,2.5,1.0,0.0,0.0,1.5,--
63805890029061,2.3,0.8,0.0,0.0,1.5,--
63805890030063,2.2,0.7,0.0,0.0,1.5,--
63805890031082,2.1,0.6,0.0,0.0,1.5,--
63805890032085,3.0,1.5,0.0,0.0,1.5,--
63805890033085,2.3,0.8,0.0,0.0,1.5,--
63805890034104,2.1,0.7,0.0,0.0,1.5,--
63805890035099,2.6,1.1,0.0,0.0,1.5,--
63805890036103,1.8,0.3,0.0,0.0,1.5,--
63805890037113,3.6,2.1,0.0,0.0,1.5,--
63805890038116,3.1,1.7,0.0,0.0,1.5,--
63805890039124,2.5,1.0,0.0,0.0,1.5,--
63805890040126,2.1,0.6,0.0,0.0,1.5,--
63805890041137,2.2,0.7,0.0,0.0,1.5,--
63805890042138,3.1,1.6,0.0,0.0,1.5,--
63805890043140,2.0,0.5,0.0,0.0,1.5,--
63805890044139,2.0,0.5,0.0,0.0,1.5,--
63805890045132,2.1,0.7,0.0,0.0,1.5,--
63805890046143,4.0,2.5,0.0,0.0,1.5,--
63805890047144,6.3,4.8,0.0,0.0,1.5,--
63805890048151,3.2,1.7,0.0,0.0,1.5,--
63805890049152,2.3,0.8,0.0,0.0,1.5,--
63805890050157,2.0,0.5,0.0,0.0,1.5,--
63805890051173,2.3,0.8,0.0,0.0,1.5,--
63805890052176,2.0,0.5,0.0,0.0,1.5,--
63805890053177,2.8,1.3,0.0,0.0,1.5,--
63805890054201,2.5,1.0,0.0,0.0,1.5,--
63805890055200,2.9,1.4,0.0,0.0,1.5,--
63805890056199,2.3,0.8,0.0,0.0,1.5,--
63805890057192,2.1,0.6,0.0,0.0,1.5,--
63805890058191,2.8,1.3,0.0,0.0,1.5,--
63805890059205,1.9,0.4,0.0,0.0,1.5,--
63805890060210,4.9,3.4,0.0,0.0,1.5,--
63805890061211,3.4,2.0,0.0,0.0,1.5,--
63805890062229,2.2,0.7,0.0,0.0,1.5,--
63805890063246,3.4,1.9,0.0,0.0,1.5,--
63805890064262,2.2,0.7,0.0,0.0,1.5,--
63805890065260,2.0,0.5,0.0,0.0,1.5,--
63805890066275,2.5,1.0,0.0,0.0,1.5,--
63805890067284,2.0,0.5,0.0,0.0,1.5,--
63805890068305,3.4,2.0,0.0,0.0,1.5,--
63805890069327,2.0,0.5,0.0,0.0,1.5,--
63805890070327,6.3,4.8,0.0,0.0,1.5,--
63805890071316,3.9,2.4,0.0,0.0,1.5,--
63805890072322,2.7,1.2,0.0,0.0,1.5,--
63805890073315,3.4,1.9,0.0,0.0,1.5,--
63805890074333,2.7,1.2,0.0,0.0,1.5,--
63805890075352,1.9,0.4,0.0,0.0,1.5,--
63805890076349,2.0,0.6,0.0,0.0,1.5,--
63805890077355,2.2,0.7,0.0,0.0,1.5,--
63805890078366,3.9,2.4,0.0,0.0,1.5,--
63805890079364,2.6,1.2,0.0,0.0,1.5,--
63805890080364,3.0,1.5,0.0,0.0,1.5,--
63805890081366,4.9,3.4,0.0,0.0,1.5,--
63805890082381,2.6,1.1,0.0,0.0,1.5,--
63805890083395,3.9,2.4,0.0,0.0,1.5,--
63805890084405,2.5,1.0,0.0,0.0,1.5,--
63805890085408,2.8,1.3,0.0,0.0,1.5,--
63805890086430,2.2,0.7,0.0,0.0,1.5,--
63805890087437,3.0,1.5,0.0,0.0,1.5,--
63805890088438,3.5,2.0,0.0,0.0,1.5,--
63805890089450,5.9,4.5,0.0,0.0,1.5,--
63805890090449,2.5,1.0,0.0,0.0,1.5,--
63805890091446,2.1,0.7,0.0,0.0,1.5,--
63805890092455,2.3,0.8,0.0,0.0,1.5,--
63805890093485,3.3,1.8,0.0,0.0,1.5,--
63805890094504,2.4,0.9,0.0,0.0,1.5,--
63805890095513,3.2,1.7,0.0,0.0,1.5,--
63805890096514,4.8,3.3,0.0,0.0,1.5,--
63805890097504,5.5,4.0,0.0,0.0,1.5,--
63805890098514,6.1,4.6,0.0,0.0,1.5,--
63805890099526,4.5,3.0,0.0,0.0,1.5,--
63805890100521,3.9,2.4,0.0,0.0,1.5,--
63805890101518,2.9,1.5,0.0,0.0,1.5,--
63805890102525,3.6,2.1,0.0,0.0,1.5,--
63805890103526,2.6,1.1,0.0,0.0,1.5,--
63805890104527,2.1,0.6,0.0,0.0,1.5,--
63805890105526,1.9,0.4,0.0,0.0,1.5,--
63805890106527,2.7,1.2,0.0,0.0,1.5,--
63805890107544,2.1,0.6,0.0,0.0,1.5,--
63805890108542,2.9,1.4,0.0,0.0,1.5,--
63805890109552,2.2,0.7,0.0,0.0,1.5,--
63805890110565,2.8,1.3,0.0,0.0,1.5,--
63805890111588,2.7,1.3,0.0,0.0,1.5,--
63805890112593,2.1,0.6,0.0,0.0,1.5,--
63805890113583,2.2,0.8,0.0,0.0,1.5,--
63805890114610,3.3,1.8,0.0,0.0,1.5,--
63805890115623,2.3,0.8,0.0,0.0,1.5,--
63805890116618,1.9,0.4,0.0,0.0,1.5,--
63805890117619,1.9,0.4,0.0,0.0,1.5,--
63805890118632,2.2,0.7,0.0,0.0,1.5,--
63805890119635,3.0,1.5,0.0,0.0,1.5,--
63805890120640,2.1,0.6,0.0,0.0,1.5,--
63805890121651,1.9,0.4,0.0,0.0,1.5,--
63805890122648,2.1,0.7,0.0,0.0,1.5,--
63805890123648,2.3,0.8,0.0,0.0,1.5,--
63805890124646,2.8,1.3,0.0,0.0,1.5,--
63805890125658,2.6,1.1,0.0,0.0,1.5,--
63805890126682,2.9,1.4,0.0,0.0,1.5,--
63805890127681,2.0,0.5,0.0,0.0,1.5,--
63805890128697,1.8,0.3,0.0,0.0,1.5,--
63805890129699,2.9,1.4,0.0,0.0,1.5,--
63805890130700,1.9,0.4,0.0,0.0,1.5,--
63805890131698,1.8,0.3,0.0,0.0,1.5,--
63805890132711,1.7,0.2,0.0,0.0,1.5,--
63805890133706,1.8,0.3,0.0,0.0,1.5,--
63805890134736,3.2,1.7,0.0,0.0,1.5,--
63805890135753,2.0,0.5,0.0,0.0,1.5,--
63805890136779,2.1,0.6,0.0,0.0,1.5,--
63805890137781,2.0,0.5,0.0,0.0,1.5,--
63805890138782,2.0,0.5,0.0,0.0,1.5,--
63805890139812,2.8,1.3,0.0,0.0,1.5,--
63805890140829,2.5,1.0,0.0,0.0,1.5,--
63805890141858,1.8,0.3,0.0,0.0,1.5,--
63805890142858,2.0,0.5,0.0,0.0,1.5,--
63805890143875,1.8,0.4,0.0,0.0,1.5,--
63805890144883,2.9,1.4,0.0,0.0,1.5,--
63805890145881,2.0,0.5,0.0,0.0,1.5,--
63805890146897,1.8,0.3,0.0,0.0,1.5,--
63805890147907,2.1,0.6,0.0,0.0,1.5,--
63805890148917,2.3,0.8,0.0,0.0,1.5,--
63805890149918,2.6,1.1,0.0,0.0,1.5,--
63805890150933,1.8,0.3,0.0,0.0,1.5,--
63805890151949,1.9,0.4,0.0,0.0,1.5,--
63805890152952,1.9,0.4,0.0,0.0,1.5,--
63805890153970,1.9,0.4,0.0,0.0,1.5,--
63805890154997,3.2,1.7,0.0,0.0,1.5,--
63805890155994,1.8,0.3,0.0,0.0,1.5,--
63805890157010,1.8,0.3,0.0,0.0,1.5,--
63805890158025,1.8,0.3,0.0,0.0,1.5,--
63805890159022,2.1,0.7,0.0,0.0,1.5,--
63805890160026,3.3,1.8,0.0,0.0,1.5,--
63805890161023,1.9,0.5,0.0,0.0,1.5,--
63805890162024,1.7,0.2,0.0,0.0,1.5,--
63805890163035,1.8,0.3,0.0,0.0,1.5,--
63805890164051,2.1,0.6,0.0,0.0,1.5,--
63805890165065,2.9,1.4,0.0,0.0,1.5,--
63805890166082,2.0,0.6,0.0,0.0,1.5,--
63805890167096,1.9,0.4,0.0,0.0,1.5,--
63805890168112,2.5,1.1,0.0,0.0,1.5,--
63805890169130,2.5,1.0,0.0,0.0,1.5,--
63805890170158,3.4,1.9,0.0,0.0,1.5,--
63805890171188,2.4,1.0,0.0,0.0,1.5,--
63805890172201,2.4,0.9,0.0,0.0,1.5,--
63805890173200,1.9,0.4,0.0,0.0,1.5,--
63805890174218,1.9,0.4,0.0,0.0,1.5,--
63805890175219,3.0,1.5,0.0,0.0,1.5,--
63805890176242,1.9,0.4,0.0,0.0,1.5,--
63805890177241,1.7,0.2,0.0,0.0,1.5,--
63805890178241,1.8,0.3,0.0,0.0,1.5,--
63805890179243,1.8,0.3,0.0,0.0,1.5,--
63805890180258,2.7,1.2,0.0,0.0,1.5,--
63805890181275,1.8,0.3,0.0,0.0,1.5,--
63805890182291,1.8,0.4,0.0,0.0,1.5,--
63805890183304,1.8,0.3,0.0,0.0,1.5,--
63805890184321,1.8,0.3,0.0,0.0,1.5,--
63805890185331,2.6,1.2,0.0,0.0,1.5,--
63805890186359,2.2,0.7,0.0,0.0,1.5,--
63805890187352,1.8,0.3,0.0,0.0,1.5,--
63805890188366,1.7,0.3,0.0,0.0,1.5,--
63805890189378,2.0,0.5,0.0,0.0,1.5,--
63805890190409,2.9,1.4,0.0,0.0,1.5,--
63805890191423,2.4,0.9,0.0,0.0,1.5,--
63805890192455,2.3,0.8,0.0,0.0,1.5,--
63805890193468,2.0,0.5,0.0,0.0,1.5,--
63805890194473,1.9,0.4,0.0,0.0,1.5,--
63805890195499,3.0,1.5,0.0,0.0,1.5,--
63805890196497,2.0,0.5,0.0,0.0,1.5,--
63805890197497,1.7,0.2,0.0,0.0,1.5,--
63805890198498,2.0,0.6,0.0,0.0,1.5,--
63805890199497,1.8,0.3,0.0,0.0,1.5,--
63805890200492,2.5,1.0,0.0,0.0,1.5,--
63805890201504,2.0,0.5,0.0,0.0,1.5,--
63805890202507,1.9,0.4,0.0,0.0,1.5,--
63805890203523,1.7,0.2,0.0,0.0,1.5,--
63805890204522,1.7,0.3,0.0,0.0,1.5,--
63805890205520,1.7,0.3,0.0,0.0,1.5,--
63805890206521,3.0,1.5,0.0,0.0,1.5,--
63805890207534,2.2,0.7,0.0,0.0,1.5,--
63805890208551,1.8,0.3,0.0,0.0,1.5,--
63805890209579,2.1,0.6,0.0,0.0,1.5,--
63805890210610,2.1,0.6,0.0,0.0,1.5,--
63805890211623,3.2,1.7,0.0,0.0,1.5,--
63805890212619,1.9,0.4,0.0,0.0,1.5,--
63805890213637,1.8,0.3,0.0,0.0,1.5,--
63805890214632,1.8,0.3,0.0,0.0,1.5,--
63805890215629,1.8,0.4,0.0,0.0,1.5,--
63805890216656,4.0,2.5,0.0,0.0,1.5,--
63805890217644,2.1,0.6,0.0,0.0,1.5,--
63805890218644,2.0,0.6,0.0,0.0,1.5,--
63805890219659,2.0,0.5,0.0,0.0,1.5,--
63805890220663,1.9,0.4,0.0,0.0,1.5,--
63805890221676,2.4,1.0,0.0,0.0,1.5,--
63805890222688,2.2,0.7,0.0,0.0,1.5,--
63805890223718,1.9,0.4,0.0,0.0,1.5,--
63805890224735,1.8,0.3,0.0,0.0,1.5,--
63805890225751,2.0,0.6,0.0,0.0,1.5,--
63805890226781,3.1,1.6,0.0,0.0,1.5,--
63805890227802,1.9,0.4,0.0,0.0,1.5,--
63805890228828,2.2,0.8,0.0,0.0,1.5,--
63805890229832,1.9,0.5,0.0,0.0,1.5,--
63805890230835,1.7,0.2,0.0,0.0,1.5,--
63805890231832,2.6,1.2,0.0,0.0,1.5,--
63805890232850,1.8,0.3,0.0,0.0,1.5,--
63805890233867,1.8,0.4,0.0,0.0,1.5,--
63805890234870,1.8,0.3,0.0,0.0,1.5,--
63805890235870,1.8,0.4,0.0,0.0,1.5,--
63805890236885,2.7,1.2,0.0,0.0,1.5,--
63805890237905,2.0,0.5,0.0,0.0,1.5,--
63805890238915,1.9,0.4,0.0,0.0,1.5,--
63805890239911,1.8,0.3,0.0,0.0,1.5,--
63805890240926,1.9,0.3,0.0,0.1,1.5,--
63805890241936,3.7,2.2,0.0,0.0,1.5,--
63805890242934,3.2,1.7,0.0,0.0,1.5,--
63805890243953,2.8,1.3,0.0,0.0,1.5,--
63805890244942,1.8,0.4,0.0,0.0,1.5,--
63805890245957,1.8,0.3,0.0,0.0,1.5,--
63805890246970,3.1,1.6,0.0,0.0,1.5,--
63805890247974,1.8,0.4,0.0,0.0,1.5,--
63805890248989,1.7,0.2,0.0,0.0,1.5,--
63805890250007,3.9,2.4,0.0,0.0,1.5,--
63805890251021,4.8,3.4,0.0,0.0,1.5,--
63805890252022,3.9,2.4,0.0,0.0,1.5,--
63805890253033,2.2,0.7,0.0,0.0,1.5,--
63805890254064,1.9,0.4,0.0,0.0,1.5,--
63805890255076,3.9,2.4,0.0,0.0,1.5,--
63805890256068,4.6,3.2,0.0,0.0,1.5,--
63805890257076,5.7,4.2,0.0,0.0,1.5,--
63805890258086,1.8,0.3,0.0,0.0,1.5,--
63805890259084,1.7,0.2,0.0,0.0,1.5,--
63805890260081,1.6,0.1,0.0,0.0,1.5,--
63805890261082,3.4,1.9,0.0,0.0,1.5,--
63805890262120,6.2,4.7,0.0,0.0,1.5,--
63805890263122,6.0,4.5,0.0,0.0,1.5,--
63805890264123,5.2,3.7,0.0,0.0,1.5,--
63805890265122,4.8,3.4,0.0,0.0,1.5,--
63805890266122,3.5,2.0,0.0,0.0,1.5,--
63805890267118,3.2,1.8,0.0,0.0,1.5,--
63805890268133,3.2,1.7,0.0,0.0,1.5,--
63805890269135,2.0,0.5,0.0,0.0,1.5,--
63805890270154,4.4,2.9,0.0,0.0,1.5,--
63805890271158,2.5,1.0,0.0,0.0,1.5,--
63805890272188,2.1,0.6,0.0,0.0,1.5,--
63805890273201,2.8,1.3,0.0,0.0,1.5,--
63805890274197,2.2,0.7,0.0,0.0,1.5,--
63805890275195,2.4,0.9,0.0,0.0,1.5,--
63805890276215,2.5,1.0,0.0,0.0,1.5,--
63805890277237,2.6,1.1,0.0,0.0,1.5,--
63805890278251,3.2,1.7,0.0,0.0,1.5,--
63805890279276,2.3,0.8,0.0,0.0,1.5,--
63805890280276,2.4,1.0,0.0,0.0,1.5,--
63805890281280,2.2,0.7,0.0,0.0,1.5,--
63805890282282,2.3,0.9,0.0,0.0,1.5,--
63805890283292,2.9,1.4,0.0,0.0,1.5,--
63805890284292,2.1,0.6,0.0,0.0,1.5,--
63805890285296,1.9,0.5,0.0,0.0,1.5,--
63805890286306,2.2,0.7,0.0,0.0,1.5,--
63805890287323,1.9,0.4,0.0,0.0,1.5,--
63805890288336,2.5,1.0,0.0,0.0,1.5,--
63805890289348,2.4,0.9,0.0,0.0,1.5,--
63805890290362,3.0,1.5,0.0,0.0,1.5,--
63805890291378,2.5,1.0,0.0,0.0,1.5,--
63805890292406,2.1,0.6,0.0,0.0,1.5,--
63805890293436,3.3,1.8,0.0,0.0,1.5,--
63805890294430,2.5,1.0,0.0,0.0,1.5,--
63805890295454,2.7,1.2,0.0,0.0,1.5,--
63805890296470,2.1,0.6,0.0,0.0,1.5,--
63805890297496,2.4,0.9,0.0,0.0,1.5,--
63805890298494,5.7,4.2,0.0,0.0,1.5,--
63805890299495,3.8,2.3,0.0,0.0,1.5,--
63805890300486,2.4,0.9,0.0,0.0,1.5,--
63805890301488,2.1,0.6,0.0,0.0,1.5,--
63805890302492,1.8,0.3,0.0,0.0,1.5,--
63805890303506,3.3,1.8,0.0,0.0,1.5,--
63805890304507,2.4,0.9,0.0,0.0,1.5,--
63805890305529,1.9,0.4,0.0,0.0,1.5,--
63805890306537,2.0,0.5,0.0,0.0,1.5,--
63805890307552,2.9,1.4,0.0,0.0,1.5,--
63805890308566,6.6,5.1,0.0,0.0,1.5,--
63805890309566,3.2,1.7,0.0,0.0,1.5,--
63805890310643,3.0,1.5,0.0,0.0,1.5,--
